{"pagination":{"limit":100,"offset":0,"count":100,"total":525},"data":[{"flight_date":"2021-11-29","flight_status":"landed","departure":{"airport":"Cote D\u0027azur International Airport","timezone":"Europe\/Paris","iata":"NCE","icao":"LFMN","terminal":"2","gate":"2C","delay":12,"scheduled":"2021-11-29T07:30:00+00:00","estimated":"2021-11-29T07:30:00+00:00","actual":"2021-11-29T07:41:00+00:00","estimated_runway":"2021-11-29T07:41:00+00:00","actual_runway":"2021-11-29T07:41:00+00:00"},"arrival":{"airport":"Orly","timezone":"Europe\/Paris","iata":"ORY","icao":"LFPO","terminal":"2","gate":"2","baggage":"9","delay":2,"scheduled":"2021-11-29T09:00:00+00:00","estimated":"2021-11-29T09:00:00+00:00","actual":"2021-11-29T08:55:00+00:00","estimated_runway":"2021-11-29T08:55:00+00:00","actual_runway":"2021-11-29T08:55:00+00:00"},"airline":{"name":"Air France","iata":"AF","icao":"AFR"},"flight":{"number":"6203","iata":"AF6203","icao":"AFR6203","codeshared":null},"aircraft":null,"live":null},{"flight_date":"2021-11-29","flight_status":"landed","departure":{"airport":"Lisbon Portela","timezone":"Europe\/Lisbon","iata":"LIS","icao":"LPPT","terminal":"1","gate":null,"delay":15,"scheduled":"2021-11-29T06:40:00+00:00","estimated":"2021-11-29T06:40:00+00:00","actual":"2021-11-29T06:54:00+00:00","estimated_runway":"2021-11-29T06:54:00+00:00","actual_runway":"2021-11-29T06:54:00+00:00"},"arrival":{"airport":"Orly","timezone":"Europe\/Paris","iata":"ORY","icao":"LFPO","terminal":"1","gate":null,"baggage":"02","delay":null,"scheduled":"2021-11-29T10:10:00+00:00","estimated":"2021-11-29T10:10:00+00:00","actual":"2021-11-29T10:09:00+00:00","estimated_runway":"2021-11-29T10:09:00+00:00","actual_runway":"2021-11-29T10:09:00+00:00"},"airline":{"name":"TAP Air Portugal","iata":"TP","icao":"TAP"},"flight":{"number":"434","iata":"TP434","icao":"TAP434","codeshared":null},"aircraft":null,"live":null},{"flight_date":"2021-11-29","flight_status":"landed","departure":{"airport":"Lisbon Portela","timezone":"Europe\/Lisbon","iata":"LIS","icao":"LPPT","terminal":"1","gate":null,"delay":15,"scheduled":"2021-11-29T06:40:00+00:00","estimated":"2021-11-29T06:40:00+00:00","actual":"2021-11-29T06:54:00+00:00","estimated_runway":"2021-11-29T06:54:00+00:00","actual_runway":"2021-11-29T06:54:00+00:00"},"arrival":{"airport":"Orly","timezone":"Europe\/Paris","iata":"ORY","icao":"LFPO","terminal":"1","gate":null,"baggage":"02","delay":null,"scheduled":"2021-11-29T10:10:00+00:00","estimated":"2021-11-29T10:10:00+00:00","actual":"2021-11-29T10:09:00+00:00","estimated_runway":"2021-11-29T10:09:00+00:00","actual_runway":"2021-11-29T10:09:00+00:00"},"airline":{"name":"Azores Airlines","iata":"S4","icao":"RZO"},"flight":{"number":"8930","iata":"S48930","icao":"RZO8930","codeshared":{"airline_name":"tap air portugal","airline_iata":"tp","airline_icao":"tap","flight_number":"434","flight_iata":"tp434","flight_icao":"tap434"}},"aircraft":null,"live":null},{"flight_date":"2021-11-29","flight_status":"landed","departure":{"airport":"Barajas","timezone":"Europe\/Madrid","iata":"MAD","icao":"LEMD","terminal":"4","gate":"K62","delay":16,"scheduled":"2021-11-29T07:25:00+00:00","estimated":"2021-11-29T07:25:00+00:00","actual":"2021-11-29T07:41:00+00:00","estimated_runway":"2021-11-29T07:41:00+00:00","actual_runway":"2021-11-29T07:41:00+00:00"},"arrival":{"airport":"Orly","timezone":"Europe\/Paris","iata":"ORY","icao":"LFPO","terminal":"1","gate":null,"baggage":"2","delay":null,"scheduled":"2021-11-29T09:30:00+00:00","estimated":"2021-11-29T09:30:00+00:00","actual":"2021-11-29T09:29:00+00:00","estimated_runway":"2021-11-29T09:29:00+00:00","actual_runway":"2021-11-29T09:29:00+00:00"},"airline":{"name":"Iberia","iata":"IB","icao":"IBE"},"flight":{"number":"3402","iata":"IB3402","icao":"IBE3402","codeshared":null},"aircraft":null,"live":null},{"flight_date":"2021-11-29","flight_status":"landed","departure":{"airport":"Barajas","timezone":"Europe\/Madrid","iata":"MAD","icao":"LEMD","terminal":"4","gate":"K62","delay":16,"scheduled":"2021-11-29T07:25:00+00:00","estimated":"2021-11-29T07:25:00+00:00","actual":"2021-11-29T07:41:00+00:00","estimated_runway":"2021-11-29T07:41:00+00:00","actual_runway":"2021-11-29T07:41:00+00:00"},"arrival":{"airport":"Orly","timezone":"Europe\/Paris","iata":"ORY","icao":"LFPO","terminal":"1","gate":null,"baggage":"2","delay":null,"scheduled":"2021-11-29T09:30:00+00:00","estimated":"2021-11-29T09:30:00+00:00","actual":"2021-11-29T09:29:00+00:00","estimated_runway":"2021-11-29T09:29:00+00:00","actual_runway":"2021-11-29T09:29:00+00:00"},"airline":{"name":"Vueling","iata":"VY","icao":"VLG"},"flight":{"number":"5131","iata":"VY5131","icao":"VLG5131","codeshared":{"airline_name":"iberia","airline_iata":"ib","airline_icao":"ibe","flight_number":"3402","flight_iata":"ib3402","flight_icao":"ibe3402"}},"aircraft":null,"live":null},{"flight_date":"2021-11-29","flight_status":"landed","departure":{"airport":"Barajas","timezone":"Europe\/Madrid","iata":"MAD","icao":"LEMD","terminal":"4","gate":"K62","delay":16,"scheduled":"2021-11-29T07:25:00+00:00","estimated":"2021-11-29T07:25:00+00:00","actual":"2021-11-29T07:41:00+00:00","estimated_runway":"2021-11-29T07:41:00+00:00","actual_runway":"2021-11-29T07:41:00+00:00"},"arrival":{"airport":"Orly","timezone":"Europe\/Paris","iata":"ORY","icao":"LFPO","terminal":"1","gate":null,"baggage":"2","delay":null,"scheduled":"2021-11-29T09:30:00+00:00","estimated":"2021-11-29T09:30:00+00:00","actual":"2021-11-29T09:29:00+00:00","estimated_runway":"2021-11-29T09:29:00+00:00","actual_runway":"2021-11-29T09:29:00+00:00"},"airline":{"name":"American Airlines","iata":"AA","icao":"AAL"},"flight":{"number":"8723","iata":"AA8723","icao":"AAL8723","codeshared":{"airline_name":"iberia","airline_iata":"ib","airline_icao":"ibe","flight_number":"3402","flight_iata":"ib3402","flight_icao":"ibe3402"}},"aircraft":null,"live":null},{"flight_date":"2021-11-29","flight_status":"landed","departure":{"airport":"Laroche","timezone":"Europe\/Paris","iata":"BVE","icao":"LFSL","terminal":null,"gate":null,"delay":6,"scheduled":"2021-11-29T07:15:00+00:00","estimated":"2021-11-29T07:15:00+00:00","actual":"2021-11-29T07:21:00+00:00","estimated_runway":"2021-11-29T07:21:00+00:00","actual_runway":"2021-11-29T07:21:00+00:00"},"arrival":{"airport":"Orly","timezone":"Europe\/Paris","iata":"ORY","icao":"LFPO","terminal":"2","gate":"2","baggage":"04","delay":null,"scheduled":"2021-11-29T08:25:00+00:00","estimated":"2021-11-29T08:25:00+00:00","actual":"2021-11-29T08:24:00+00:00","estimated_runway":"2021-11-29T08:24:00+00:00","actual_runway":"2021-11-29T08:24:00+00:00"},"airline":{"name":"Air France","iata":"AF","icao":"AFR"},"flight":{"number":"7603","iata":"AF7603","icao":"AFR7603","codeshared":null},"aircraft":null,"live":null},{"flight_date":"2021-11-29","flight_status":"landed","departure":{"airport":"Marseille Provence Airport","timezone":"Europe\/Paris","iata":"MRS","icao":"LFML","terminal":"1B","gate":"B1","delay":9,"scheduled":"2021-11-29T07:30:00+00:00","estimated":"2021-11-29T07:30:00+00:00","actual":"2021-11-29T07:38:00+00:00","estimated_runway":"2021-11-29T07:38:00+00:00","actual_runway":"2021-11-29T07:38:00+00:00"},"arrival":{"airport":"Orly","timezone":"Europe\/Paris","iata":"ORY","icao":"LFPO","terminal":"2","gate":"2","baggage":"4","delay":null,"scheduled":"2021-11-29T09:00:00+00:00","estimated":"2021-11-29T09:00:00+00:00","actual":"2021-11-29T08:50:00+00:00","estimated_runway":"2021-11-29T08:50:00+00:00","actual_runway":"2021-11-29T08:50:00+00:00"},"airline":{"name":"Air France","iata":"AF","icao":"AFR"},"flight":{"number":"6003","iata":"AF6003","icao":"AFR6003","codeshared":null},"aircraft":null,"live":null},{"flight_date":"2021-11-29","flight_status":"active","departure":{"airport":"Carthage","timezone":"Africa\/Tunis","iata":"TUN","icao":"DTTA","terminal":"M","gate":null,"delay":29,"scheduled":"2021-11-29T07:50:00+00:00","estimated":"2021-11-29T07:50:00+00:00","actual":"2021-11-29T08:18:00+00:00","estimated_runway":"2021-11-29T08:18:00+00:00","actual_runway":"2021-11-29T08:18:00+00:00"},"arrival":{"airport":"Orly","timezone":"Europe\/Paris","iata":"ORY","icao":"LFPO","terminal":"4","gate":null,"baggage":"04","delay":7,"scheduled":"2021-11-29T10:20:00+00:00","estimated":"2021-11-29T10:20:00+00:00","actual":null,"estimated_runway":null,"actual_runway":null},"airline":{"name":"Tunisair","iata":"TU","icao":"TAR"},"flight":{"number":"718","iata":"TU718","icao":"TAR718","codeshared":null},"aircraft":null,"live":null},{"flight_date":"2021-11-29","flight_status":"scheduled","departure":{"airport":"Clermont\/Ferrand Auvergne International (Aulnat)","timezone":"Europe\/Paris","iata":"CFE","icao":"LFLC","terminal":null,"gate":null,"delay":null,"scheduled":"2021-11-29T07:55:00+00:00","estimated":"2021-11-29T07:55:00+00:00","actual":null,"estimated_runway":null,"actual_runway":null},"arrival":{"airport":"Orly","timezone":"Europe\/Paris","iata":"ORY","icao":"LFPO","terminal":"3","gate":null,"baggage":null,"delay":null,"scheduled":"2021-11-29T09:10:00+00:00","estimated":"2021-11-29T09:10:00+00:00","actual":null,"estimated_runway":null,"actual_runway":null},"airline":{"name":"Amelia","iata":"8R","icao":"AIA"},"flight":{"number":"6314","iata":"8R6314","icao":"AIA6314","codeshared":null},"aircraft":null,"live":null},{"flight_date":"2021-11-29","flight_status":"landed","departure":{"airport":"Biarritz Parme","timezone":"Europe\/Paris","iata":"BIQ","icao":"LFBZ","terminal":null,"gate":null,"delay":13,"scheduled":"2021-11-29T07:20:00+00:00","estimated":"2021-11-29T07:20:00+00:00","actual":"2021-11-29T07:33:00+00:00","estimated_runway":"2021-11-29T07:33:00+00:00","actual_runway":"2021-11-29T07:33:00+00:00"},"arrival":{"airport":"Orly","timezone":"Europe\/Paris","iata":"ORY","icao":"LFPO","terminal":"3","gate":null,"baggage":"02","delay":4,"scheduled":"2021-11-29T08:45:00+00:00","estimated":"2021-11-29T08:45:00+00:00","actual":"2021-11-29T08:48:00+00:00","estimated_runway":"2021-11-29T08:48:00+00:00","actual_runway":"2021-11-29T08:48:00+00:00"},"airline":{"name":"Transavia France","iata":"TO","icao":"TVF"},"flight":{"number":"4423","iata":"TO4423","icao":"TVF4423","codeshared":null},"aircraft":null,"live":null},{"flight_date":"2021-11-29","flight_status":"landed","departure":{"airport":"Francisco S\u00e1 Carneiro","timezone":"Europe\/Lisbon","iata":"OPO","icao":"LPPR","terminal":null,"gate":null,"delay":6,"scheduled":"2021-11-29T06:25:00+00:00","estimated":"2021-11-29T06:25:00+00:00","actual":"2021-11-29T06:31:00+00:00","estimated_runway":"2021-11-29T06:31:00+00:00","actual_runway":"2021-11-29T06:31:00+00:00"},"arrival":{"airport":"Orly","timezone":"Europe\/Paris","iata":"ORY","icao":"LFPO","terminal":"1","gate":null,"baggage":"01","delay":null,"scheduled":"2021-11-29T09:35:00+00:00","estimated":"2021-11-29T09:35:00+00:00","actual":"2021-11-29T09:25:00+00:00","estimated_runway":"2021-11-29T09:25:00+00:00","actual_runway":"2021-11-29T09:25:00+00:00"},"airline":{"name":"TAP Air Portugal","iata":"TP","icao":"TAP"},"flight":{"number":"452","iata":"TP452","icao":"TAP452","codeshared":null},"aircraft":null,"live":null},{"flight_date":"2021-11-29","flight_status":"landed","departure":{"airport":"Francisco S\u00e1 Carneiro","timezone":"Europe\/Lisbon","iata":"OPO","icao":"LPPR","terminal":null,"gate":null,"delay":6,"scheduled":"2021-11-29T06:25:00+00:00","estimated":"2021-11-29T06:25:00+00:00","actual":"2021-11-29T06:31:00+00:00","estimated_runway":"2021-11-29T06:31:00+00:00","actual_runway":"2021-11-29T06:31:00+00:00"},"arrival":{"airport":"Orly","timezone":"Europe\/Paris","iata":"ORY","icao":"LFPO","terminal":"1","gate":null,"baggage":"01","delay":null,"scheduled":"2021-11-29T09:35:00+00:00","estimated":"2021-11-29T09:35:00+00:00","actual":"2021-11-29T09:25:00+00:00","estimated_runway":"2021-11-29T09:25:00+00:00","actual_runway":"2021-11-29T09:25:00+00:00"},"airline":{"name":"Azores Airlines","iata":"S4","icao":"RZO"},"flight":{"number":"8150","iata":"S48150","icao":"RZO8150","codeshared":{"airline_name":"tap air portugal","airline_iata":"tp","airline_icao":"tap","flight_number":"452","flight_iata":"tp452","flight_icao":"tap452"}},"aircraft":null,"live":null},{"flight_date":"2021-11-29","flight_status":"landed","departure":{"airport":"Djerba-Zarzis","timezone":"Africa\/Tunis","iata":"DJE","icao":"DTTJ","terminal":null,"gate":null,"delay":15,"scheduled":"2021-11-29T07:30:00+00:00","estimated":"2021-11-29T07:30:00+00:00","actual":"2021-11-29T07:45:00+00:00","estimated_runway":"2021-11-29T07:45:00+00:00","actual_runway":"2021-11-29T07:45:00+00:00"},"arrival":{"airport":"Orly","timezone":"Europe\/Paris","iata":"ORY","icao":"LFPO","terminal":"4","gate":null,"baggage":"01","delay":3,"scheduled":"2021-11-29T10:15:00+00:00","estimated":"2021-11-29T10:15:00+00:00","actual":"2021-11-29T10:18:00+00:00","estimated_runway":"2021-11-29T10:18:00+00:00","actual_runway":"2021-11-29T10:18:00+00:00"},"airline":{"name":"Tunisair","iata":"TU","icao":"TAR"},"flight":{"number":"634","iata":"TU634","icao":"TAR634","codeshared":null},"aircraft":null,"live":null},{"flight_date":"2021-11-29","flight_status":"scheduled","departure":{"airport":"Loudes","timezone":"Europe\/Paris","iata":"LPY","icao":"LFHP","terminal":null,"gate":null,"delay":null,"scheduled":"2021-11-29T06:50:00+00:00","estimated":"2021-11-29T06:50:00+00:00","actual":null,"estimated_runway":null,"actual_runway":null},"arrival":{"airport":"Orly","timezone":"Europe\/Paris","iata":"ORY","icao":"LFPO","terminal":"1","gate":null,"baggage":null,"delay":null,"scheduled":"2021-11-29T08:00:00+00:00","estimated":"2021-11-29T08:00:00+00:00","actual":null,"estimated_runway":null,"actual_runway":null},"airline":{"name":"Twin Jet","iata":"T7","icao":"TJT"},"flight":{"number":"81","iata":"T781","icao":"TJT81","codeshared":null},"aircraft":null,"live":null},{"flight_date":"2021-11-29","flight_status":"landed","departure":{"airport":"Pluguffan","timezone":"Europe\/Paris","iata":"UIP","icao":"LFRQ","terminal":null,"gate":null,"delay":3,"scheduled":"2021-11-29T06:30:00+00:00","estimated":"2021-11-29T06:30:00+00:00","actual":"2021-11-29T06:33:00+00:00","estimated_runway":"2021-11-29T06:33:00+00:00","actual_runway":"2021-11-29T06:33:00+00:00"},"arrival":{"airport":"Orly","timezone":"Europe\/Paris","iata":"ORY","icao":"LFPO","terminal":"1","gate":null,"baggage":"02","delay":null,"scheduled":"2021-11-29T07:55:00+00:00","estimated":"2021-11-29T07:55:00+00:00","actual":"2021-11-29T07:49:00+00:00","estimated_runway":"2021-11-29T07:49:00+00:00","actual_runway":"2021-11-29T07:49:00+00:00"},"airline":{"name":"Chalair","iata":"CE","icao":"CLG"},"flight":{"number":"291","iata":"CE291","icao":"CLG291","codeshared":null},"aircraft":null,"live":null},{"flight_date":"2021-11-29","flight_status":"active","departure":{"airport":"Es Senia","timezone":"Africa\/Algiers","iata":"ORN","icao":"DAOO","terminal":null,"gate":null,"delay":4,"scheduled":"2021-11-29T08:00:00+00:00","estimated":"2021-11-29T08:00:00+00:00","actual":"2021-11-29T08:03:00+00:00","estimated_runway":"2021-11-29T08:03:00+00:00","actual_runway":"2021-11-29T08:03:00+00:00"},"arrival":{"airport":"Orly","timezone":"Europe\/Paris","iata":"ORY","icao":"LFPO","terminal":"4","gate":null,"baggage":null,"delay":null,"scheduled":"2021-11-29T10:30:00+00:00","estimated":"2021-11-29T10:30:00+00:00","actual":null,"estimated_runway":null,"actual_runway":null},"airline":{"name":"Air Algerie","iata":"AH","icao":"DAH"},"flight":{"number":"1060","iata":"AH1060","icao":"DAH1060","codeshared":null},"aircraft":null,"live":null},{"flight_date":"2021-11-29","flight_status":"landed","departure":{"airport":"Blagnac","timezone":"Europe\/Paris","iata":"TLS","icao":"LFBO","terminal":null,"gate":"HD","delay":10,"scheduled":"2021-11-29T08:00:00+00:00","estimated":"2021-11-29T08:00:00+00:00","actual":"2021-11-29T08:10:00+00:00","estimated_runway":"2021-11-29T08:10:00+00:00","actual_runway":"2021-11-29T08:10:00+00:00"},"arrival":{"airport":"Orly","timezone":"Europe\/Paris","iata":"ORY","icao":"LFPO","terminal":"2","gate":"2","baggage":"5","delay":null,"scheduled":"2021-11-29T09:25:00+00:00","estimated":"2021-11-29T09:25:00+00:00","actual":"2021-11-29T09:21:00+00:00","estimated_runway":"2021-11-29T09:21:00+00:00","actual_runway":"2021-11-29T09:21:00+00:00"},"airline":{"name":"Air France","iata":"AF","icao":"AFR"},"flight":{"number":"6109","iata":"AF6109","icao":"AFR6109","codeshared":null},"aircraft":null,"live":null},{"flight_date":"2021-11-29","flight_status":"landed","departure":{"airport":"Blagnac","timezone":"Europe\/Paris","iata":"TLS","icao":"LFBO","terminal":null,"gate":"HD","delay":10,"scheduled":"2021-11-29T07:30:00+00:00","estimated":"2021-11-29T07:30:00+00:00","actual":"2021-11-29T07:40:00+00:00","estimated_runway":"2021-11-29T07:40:00+00:00","actual_runway":"2021-11-29T07:40:00+00:00"},"arrival":{"airport":"Orly","timezone":"Europe\/Paris","iata":"ORY","icao":"LFPO","terminal":"2","gate":"2","baggage":"5","delay":null,"scheduled":"2021-11-29T08:55:00+00:00","estimated":"2021-11-29T08:55:00+00:00","actual":"2021-11-29T08:54:00+00:00","estimated_runway":"2021-11-29T08:54:00+00:00","actual_runway":"2021-11-29T08:54:00+00:00"},"airline":{"name":"Air France","iata":"AF","icao":"AFR"},"flight":{"number":"6107","iata":"AF6107","icao":"AFR6107","codeshared":null},"aircraft":null,"live":null},{"flight_date":"2021-11-29","flight_status":"landed","departure":{"airport":"Blagnac","timezone":"Europe\/Paris","iata":"TLS","icao":"LFBO","terminal":null,"gate":"HD","delay":10,"scheduled":"2021-11-29T07:30:00+00:00","estimated":"2021-11-29T07:30:00+00:00","actual":"2021-11-29T07:40:00+00:00","estimated_runway":"2021-11-29T07:40:00+00:00","actual_runway":"2021-11-29T07:40:00+00:00"},"arrival":{"airport":"Orly","timezone":"Europe\/Paris","iata":"ORY","icao":"LFPO","terminal":"2","gate":"2","baggage":"5","delay":null,"scheduled":"2021-11-29T08:55:00+00:00","estimated":"2021-11-29T08:55:00+00:00","actual":"2021-11-29T08:54:00+00:00","estimated_runway":"2021-11-29T08:54:00+00:00","actual_runway":"2021-11-29T08:54:00+00:00"},"airline":{"name":"Air Europa","iata":"UX","icao":"AEA"},"flight":{"number":"2237","iata":"UX2237","icao":"AEA2237","codeshared":{"airline_name":"air france","airline_iata":"af","airline_icao":"afr","flight_number":"6107","flight_iata":"af6107","flight_icao":"afr6107"}},"aircraft":null,"live":null},{"flight_date":"2021-11-29","flight_status":"landed","departure":{"airport":"Blagnac","timezone":"Europe\/Paris","iata":"TLS","icao":"LFBO","terminal":null,"gate":null,"delay":13,"scheduled":"2021-11-29T07:15:00+00:00","estimated":"2021-11-29T07:15:00+00:00","actual":"2021-11-29T07:27:00+00:00","estimated_runway":"2021-11-29T07:27:00+00:00","actual_runway":"2021-11-29T07:27:00+00:00"},"arrival":{"airport":"Orly","timezone":"Europe\/Paris","iata":"ORY","icao":"LFPO","terminal":"1","gate":null,"baggage":null,"delay":null,"scheduled":"2021-11-29T08:45:00+00:00","estimated":"2021-11-29T08:45:00+00:00","actual":"2021-11-29T08:44:00+00:00","estimated_runway":"2021-11-29T08:44:00+00:00","actual_runway":"2021-11-29T08:44:00+00:00"},"airline":{"name":"easyJet","iata":"U2","icao":"EZY"},"flight":{"number":"4018","iata":"U24018","icao":"EZY4018","codeshared":null},"aircraft":null,"live":null},{"flight_date":"2021-11-29","flight_status":"landed","departure":{"airport":"Montpellier M\u00e9diterran\u00e9e","timezone":"Europe\/Paris","iata":"MPL","icao":"LFMT","terminal":null,"gate":"7","delay":11,"scheduled":"2021-11-29T06:45:00+00:00","estimated":"2021-11-29T06:45:00+00:00","actual":"2021-11-29T06:55:00+00:00","estimated_runway":"2021-11-29T06:55:00+00:00","actual_runway":"2021-11-29T06:55:00+00:00"},"arrival":{"airport":"Orly","timezone":"Europe\/Paris","iata":"ORY","icao":"LFPO","terminal":"ORLY","gate":null,"baggage":"04","delay":null,"scheduled":"2021-11-29T08:10:00+00:00","estimated":"2021-11-29T08:10:00+00:00","actual":"2021-11-29T08:04:00+00:00","estimated_runway":"2021-11-29T08:04:00+00:00","actual_runway":"2021-11-29T08:04:00+00:00"},"airline":{"name":"Transavia France","iata":"TO","icao":"TVF"},"flight":{"number":"4361","iata":"TO4361","icao":"TVF4361","codeshared":null},"aircraft":null,"live":null},{"flight_date":"2021-11-29","flight_status":"active","departure":{"airport":"Sabiha Gokcen","timezone":"Europe\/Istanbul","iata":"SAW","icao":"LTFJ","terminal":null,"gate":"D01","delay":38,"scheduled":"2021-11-29T08:45:00+00:00","estimated":"2021-11-29T08:45:00+00:00","actual":"2021-11-29T09:22:00+00:00","estimated_runway":"2021-11-29T09:22:00+00:00","actual_runway":"2021-11-29T09:22:00+00:00"},"arrival":{"airport":"Orly","timezone":"Europe\/Paris","iata":"ORY","icao":"LFPO","terminal":"4","gate":null,"baggage":"01","delay":3,"scheduled":"2021-11-29T10:35:00+00:00","estimated":"2021-11-29T10:35:00+00:00","actual":null,"estimated_runway":null,"actual_runway":null},"airline":{"name":"Pegasus","iata":"PC","icao":"PGT"},"flight":{"number":"1133","iata":"PC1133","icao":"PGT1133","codeshared":null},"aircraft":null,"live":null},{"flight_date":"2021-11-29","flight_status":"landed","departure":{"airport":"Alicante El Altet","timezone":"Europe\/Madrid","iata":"ALC","icao":"LEAL","terminal":null,"gate":"C40","delay":9,"scheduled":"2021-11-29T06:45:00+00:00","estimated":"2021-11-29T06:45:00+00:00","actual":"2021-11-29T06:54:00+00:00","estimated_runway":"2021-11-29T06:54:00+00:00","actual_runway":"2021-11-29T06:54:00+00:00"},"arrival":{"airport":"Orly","timezone":"Europe\/Paris","iata":"ORY","icao":"LFPO","terminal":"2","gate":null,"baggage":"2","delay":3,"scheduled":"2021-11-29T09:00:00+00:00","estimated":"2021-11-29T09:00:00+00:00","actual":"2021-11-29T09:03:00+00:00","estimated_runway":"2021-11-29T09:03:00+00:00","actual_runway":"2021-11-29T09:03:00+00:00"},"airline":{"name":"Vueling","iata":"VY","icao":"VLG"},"flight":{"number":"8253","iata":"VY8253","icao":"VLG8253","codeshared":null},"aircraft":{"registration":"EC-NIJ","iata":"A20N","icao":"A20N","icao24":"346352"},"live":null},{"flight_date":"2021-11-29","flight_status":"landed","departure":{"airport":"Alicante El Altet","timezone":"Europe\/Madrid","iata":"ALC","icao":"LEAL","terminal":null,"gate":"C40","delay":9,"scheduled":"2021-11-29T06:45:00+00:00","estimated":"2021-11-29T06:45:00+00:00","actual":"2021-11-29T06:54:00+00:00","estimated_runway":"2021-11-29T06:54:00+00:00","actual_runway":"2021-11-29T06:54:00+00:00"},"arrival":{"airport":"Orly","timezone":"Europe\/Paris","iata":"ORY","icao":"LFPO","terminal":"2","gate":null,"baggage":"2","delay":3,"scheduled":"2021-11-29T09:00:00+00:00","estimated":"2021-11-29T09:00:00+00:00","actual":"2021-11-29T09:03:00+00:00","estimated_runway":"2021-11-29T09:03:00+00:00","actual_runway":"2021-11-29T09:03:00+00:00"},"airline":{"name":"Iberia","iata":"IB","icao":"IBE"},"flight":{"number":"5634","iata":"IB5634","icao":"IBE5634","codeshared":{"airline_name":"vueling","airline_iata":"vy","airline_icao":"vlg","flight_number":"8253","flight_iata":"vy8253","flight_icao":"vlg8253"}},"aircraft":null,"live":null},{"flight_date":"2021-11-29","flight_status":"landed","departure":{"airport":"Tarbes Ossun Lourdes","timezone":"Europe\/Paris","iata":"LDE","icao":"LFBT","terminal":null,"gate":"22","delay":14,"scheduled":"2021-11-29T07:00:00+00:00","estimated":"2021-11-29T07:00:00+00:00","actual":"2021-11-29T07:14:00+00:00","estimated_runway":"2021-11-29T07:14:00+00:00","actual_runway":"2021-11-29T07:14:00+00:00"},"arrival":{"airport":"Orly","timezone":"Europe\/Paris","iata":"ORY","icao":"LFPO","terminal":"2","gate":"2","baggage":"04","delay":6,"scheduled":"2021-11-29T08:30:00+00:00","estimated":"2021-11-29T08:30:00+00:00","actual":"2021-11-29T08:36:00+00:00","estimated_runway":"2021-11-29T08:36:00+00:00","actual_runway":"2021-11-29T08:36:00+00:00"},"airline":{"name":"Air France","iata":"AF","icao":"AFR"},"flight":{"number":"1863","iata":"AF1863","icao":"AFR1863","codeshared":null},"aircraft":null,"live":null},{"flight_date":"2021-11-29","flight_status":"landed","departure":{"airport":"Cote D\u0027azur International Airport","timezone":"Europe\/Paris","iata":"NCE","icao":"LFMN","terminal":"2","gate":"2C","delay":19,"scheduled":"2021-11-29T06:30:00+00:00","estimated":"2021-11-29T06:30:00+00:00","actual":"2021-11-29T06:49:00+00:00","estimated_runway":"2021-11-29T06:49:00+00:00","actual_runway":"2021-11-29T06:49:00+00:00"},"arrival":{"airport":"Orly","timezone":"Europe\/Paris","iata":"ORY","icao":"LFPO","terminal":"2","gate":"2","baggage":"9","delay":2,"scheduled":"2021-11-29T08:00:00+00:00","estimated":"2021-11-29T08:00:00+00:00","actual":"2021-11-29T08:01:00+00:00","estimated_runway":"2021-11-29T08:01:00+00:00","actual_runway":"2021-11-29T08:01:00+00:00"},"airline":{"name":"Air France","iata":"AF","icao":"AFR"},"flight":{"number":"6201","iata":"AF6201","icao":"AFR6201","codeshared":null},"aircraft":null,"live":null},{"flight_date":"2021-11-29","flight_status":"landed","departure":{"airport":"Cote D\u0027azur International Airport","timezone":"Europe\/Paris","iata":"NCE","icao":"LFMN","terminal":"2","gate":null,"delay":3,"scheduled":"2021-11-29T06:25:00+00:00","estimated":"2021-11-29T06:25:00+00:00","actual":"2021-11-29T06:27:00+00:00","estimated_runway":"2021-11-29T06:27:00+00:00","actual_runway":"2021-11-29T06:27:00+00:00"},"arrival":{"airport":"Orly","timezone":"Europe\/Paris","iata":"ORY","icao":"LFPO","terminal":"1","gate":null,"baggage":null,"delay":null,"scheduled":"2021-11-29T08:00:00+00:00","estimated":"2021-11-29T08:00:00+00:00","actual":"2021-11-29T07:39:00+00:00","estimated_runway":"2021-11-29T07:39:00+00:00","actual_runway":"2021-11-29T07:39:00+00:00"},"airline":{"name":"easyJet","iata":"U2","icao":"EZY"},"flight":{"number":"4060","iata":"U24060","icao":"EZY4060","codeshared":null},"aircraft":null,"live":null},{"flight_date":"2021-11-29","flight_status":"landed","departure":{"airport":"Valencia","timezone":"Europe\/Madrid","iata":"VLC","icao":"LEVC","terminal":"1","gate":"12","delay":6,"scheduled":"2021-11-29T06:45:00+00:00","estimated":"2021-11-29T06:45:00+00:00","actual":"2021-11-29T06:51:00+00:00","estimated_runway":"2021-11-29T06:51:00+00:00","actual_runway":"2021-11-29T06:51:00+00:00"},"arrival":{"airport":"Orly","timezone":"Europe\/Paris","iata":"ORY","icao":"LFPO","terminal":"2","gate":null,"baggage":null,"delay":null,"scheduled":"2021-11-29T08:50:00+00:00","estimated":"2021-11-29T08:50:00+00:00","actual":"2021-11-29T08:46:00+00:00","estimated_runway":"2021-11-29T08:46:00+00:00","actual_runway":"2021-11-29T08:46:00+00:00"},"airline":{"name":"Vueling","iata":"VY","icao":"VLG"},"flight":{"number":"8156","iata":"VY8156","icao":"VLG8156","codeshared":null},"aircraft":null,"live":null},{"flight_date":"2021-11-29","flight_status":"landed","departure":{"airport":"Valencia","timezone":"Europe\/Madrid","iata":"VLC","icao":"LEVC","terminal":"1","gate":"12","delay":6,"scheduled":"2021-11-29T06:45:00+00:00","estimated":"2021-11-29T06:45:00+00:00","actual":"2021-11-29T06:51:00+00:00","estimated_runway":"2021-11-29T06:51:00+00:00","actual_runway":"2021-11-29T06:51:00+00:00"},"arrival":{"airport":"Orly","timezone":"Europe\/Paris","iata":"ORY","icao":"LFPO","terminal":"2","gate":null,"baggage":null,"delay":null,"scheduled":"2021-11-29T08:50:00+00:00","estimated":"2021-11-29T08:50:00+00:00","actual":"2021-11-29T08:46:00+00:00","estimated_runway":"2021-11-29T08:46:00+00:00","actual_runway":"2021-11-29T08:46:00+00:00"},"airline":{"name":"Iberia","iata":"IB","icao":"IBE"},"flight":{"number":"5621","iata":"IB5621","icao":"IBE5621","codeshared":{"airline_name":"vueling","airline_iata":"vy","airline_icao":"vlg","flight_number":"8156","flight_iata":"vy8156","flight_icao":"vlg8156"}},"aircraft":null,"live":null},{"flight_date":"2021-11-29","flight_status":"landed","departure":{"airport":"Pau-Pyr\u00e9n\u00e9es","timezone":"Europe\/Paris","iata":"PUF","icao":"LFBP","terminal":null,"gate":"1","delay":7,"scheduled":"2021-11-29T06:30:00+00:00","estimated":"2021-11-29T06:30:00+00:00","actual":"2021-11-29T06:36:00+00:00","estimated_runway":"2021-11-29T06:36:00+00:00","actual_runway":"2021-11-29T06:36:00+00:00"},"arrival":{"airport":"Orly","timezone":"Europe\/Paris","iata":"ORY","icao":"LFPO","terminal":"2","gate":"2","baggage":"9","delay":null,"scheduled":"2021-11-29T08:00:00+00:00","estimated":"2021-11-29T08:00:00+00:00","actual":"2021-11-29T07:55:00+00:00","estimated_runway":"2021-11-29T07:55:00+00:00","actual_runway":"2021-11-29T07:55:00+00:00"},"airline":{"name":"Air France","iata":"AF","icao":"AFR"},"flight":{"number":"7451","iata":"AF7451","icao":"AFR7451","codeshared":null},"aircraft":null,"live":null},{"flight_date":"2021-11-29","flight_status":"cancelled","departure":{"airport":"Aurillac","timezone":"Europe\/Paris","iata":"AUR","icao":"LFLW","terminal":null,"gate":null,"delay":60,"scheduled":"2021-11-29T07:00:00+00:00","estimated":"2021-11-29T07:00:00+00:00","actual":null,"estimated_runway":null,"actual_runway":null},"arrival":{"airport":"Orly","timezone":"Europe\/Paris","iata":"ORY","icao":"LFPO","terminal":"2","gate":"2","baggage":null,"delay":null,"scheduled":"2021-11-29T08:25:00+00:00","estimated":"2021-11-29T08:25:00+00:00","actual":null,"estimated_runway":null,"actual_runway":null},"airline":{"name":"Air France","iata":"AF","icao":"AFR"},"flight":{"number":"7599","iata":"AF7599","icao":"AFR7599","codeshared":null},"aircraft":null,"live":null},{"flight_date":"2021-11-29","flight_status":"landed","departure":{"airport":"Bellegarde","timezone":"Europe\/Paris","iata":"LIG","icao":"LFBL","terminal":null,"gate":null,"delay":26,"scheduled":"2021-11-29T06:45:00+00:00","estimated":"2021-11-29T06:45:00+00:00","actual":"2021-11-29T07:11:00+00:00","estimated_runway":"2021-11-29T07:11:00+00:00","actual_runway":"2021-11-29T07:11:00+00:00"},"arrival":{"airport":"Orly","timezone":"Europe\/Paris","iata":"ORY","icao":"LFPO","terminal":"1","gate":null,"baggage":"2","delay":24,"scheduled":"2021-11-29T07:55:00+00:00","estimated":"2021-11-29T07:55:00+00:00","actual":"2021-11-29T08:19:00+00:00","estimated_runway":"2021-11-29T08:19:00+00:00","actual_runway":"2021-11-29T08:19:00+00:00"},"airline":{"name":"Chalair","iata":"CE","icao":"CLG"},"flight":{"number":"120","iata":"CE120","icao":"CLG120","codeshared":null},"aircraft":null,"live":null},{"flight_date":"2021-11-29","flight_status":"landed","departure":{"airport":"San Pablo","timezone":"Europe\/Madrid","iata":"SVQ","icao":"LEZL","terminal":"1","gate":"5","delay":14,"scheduled":"2021-11-29T06:45:00+00:00","estimated":"2021-11-29T06:45:00+00:00","actual":"2021-11-29T06:58:00+00:00","estimated_runway":"2021-11-29T06:58:00+00:00","actual_runway":"2021-11-29T06:58:00+00:00"},"arrival":{"airport":"Orly","timezone":"Europe\/Paris","iata":"ORY","icao":"LFPO","terminal":"2","gate":null,"baggage":"1","delay":null,"scheduled":"2021-11-29T09:20:00+00:00","estimated":"2021-11-29T09:20:00+00:00","actual":"2021-11-29T09:18:00+00:00","estimated_runway":"2021-11-29T09:18:00+00:00","actual_runway":"2021-11-29T09:18:00+00:00"},"airline":{"name":"Vueling","iata":"VY","icao":"VLG"},"flight":{"number":"8826","iata":"VY8826","icao":"VLG8826","codeshared":null},"aircraft":null,"live":null},{"flight_date":"2021-11-29","flight_status":"landed","departure":{"airport":"San Pablo","timezone":"Europe\/Madrid","iata":"SVQ","icao":"LEZL","terminal":"1","gate":"5","delay":14,"scheduled":"2021-11-29T06:45:00+00:00","estimated":"2021-11-29T06:45:00+00:00","actual":"2021-11-29T06:58:00+00:00","estimated_runway":"2021-11-29T06:58:00+00:00","actual_runway":"2021-11-29T06:58:00+00:00"},"arrival":{"airport":"Orly","timezone":"Europe\/Paris","iata":"ORY","icao":"LFPO","terminal":"2","gate":null,"baggage":"1","delay":null,"scheduled":"2021-11-29T09:20:00+00:00","estimated":"2021-11-29T09:20:00+00:00","actual":"2021-11-29T09:18:00+00:00","estimated_runway":"2021-11-29T09:18:00+00:00","actual_runway":"2021-11-29T09:18:00+00:00"},"airline":{"name":"Iberia","iata":"IB","icao":"IBE"},"flight":{"number":"5698","iata":"IB5698","icao":"IBE5698","codeshared":{"airline_name":"vueling","airline_iata":"vy","airline_icao":"vlg","flight_number":"8826","flight_iata":"vy8826","flight_icao":"vlg8826"}},"aircraft":null,"live":null},{"flight_date":"2021-11-29","flight_status":"landed","departure":{"airport":"El Prat De Llobregat","timezone":"Europe\/Madrid","iata":"BCN","icao":"LEBL","terminal":"1","gate":"B42","delay":17,"scheduled":"2021-11-29T07:00:00+00:00","estimated":"2021-11-29T07:00:00+00:00","actual":"2021-11-29T07:17:00+00:00","estimated_runway":"2021-11-29T07:17:00+00:00","actual_runway":"2021-11-29T07:17:00+00:00"},"arrival":{"airport":"Orly","timezone":"Europe\/Paris","iata":"ORY","icao":"LFPO","terminal":"2","gate":null,"baggage":null,"delay":9,"scheduled":"2021-11-29T08:50:00+00:00","estimated":"2021-11-29T08:50:00+00:00","actual":"2021-11-29T08:59:00+00:00","estimated_runway":"2021-11-29T08:59:00+00:00","actual_runway":"2021-11-29T08:59:00+00:00"},"airline":{"name":"Vueling","iata":"VY","icao":"VLG"},"flight":{"number":"8012","iata":"VY8012","icao":"VLG8012","codeshared":null},"aircraft":{"registration":"XXB","iata":"A321","icao":"A321","icao24":"346692"},"live":null},{"flight_date":"2021-11-29","flight_status":"landed","departure":{"airport":"El Prat De Llobregat","timezone":"Europe\/Madrid","iata":"BCN","icao":"LEBL","terminal":"1","gate":"B42","delay":17,"scheduled":"2021-11-29T07:00:00+00:00","estimated":"2021-11-29T07:00:00+00:00","actual":"2021-11-29T07:17:00+00:00","estimated_runway":"2021-11-29T07:17:00+00:00","actual_runway":"2021-11-29T07:17:00+00:00"},"arrival":{"airport":"Orly","timezone":"Europe\/Paris","iata":"ORY","icao":"LFPO","terminal":"2","gate":null,"baggage":null,"delay":9,"scheduled":"2021-11-29T08:50:00+00:00","estimated":"2021-11-29T08:50:00+00:00","actual":"2021-11-29T08:59:00+00:00","estimated_runway":"2021-11-29T08:59:00+00:00","actual_runway":"2021-11-29T08:59:00+00:00"},"airline":{"name":"Iberia","iata":"IB","icao":"IBE"},"flight":{"number":"5603","iata":"IB5603","icao":"IBE5603","codeshared":{"airline_name":"vueling","airline_iata":"vy","airline_icao":"vlg","flight_number":"8012","flight_iata":"vy8012","flight_icao":"vlg8012"}},"aircraft":null,"live":null},{"flight_date":"2021-11-29","flight_status":"landed","departure":{"airport":"Barajas","timezone":"Europe\/Madrid","iata":"MAD","icao":"LEMD","terminal":"2","gate":"D56","delay":16,"scheduled":"2021-11-29T07:05:00+00:00","estimated":"2021-11-29T07:05:00+00:00","actual":"2021-11-29T07:20:00+00:00","estimated_runway":"2021-11-29T07:20:00+00:00","actual_runway":"2021-11-29T07:20:00+00:00"},"arrival":{"airport":"Orly","timezone":"Europe\/Paris","iata":"ORY","icao":"LFPO","terminal":"ORLY","gate":null,"baggage":"03","delay":null,"scheduled":"2021-11-29T09:05:00+00:00","estimated":"2021-11-29T09:05:00+00:00","actual":"2021-11-29T09:04:00+00:00","estimated_runway":"2021-11-29T09:04:00+00:00","actual_runway":"2021-11-29T09:04:00+00:00"},"airline":{"name":"Air Europa","iata":"UX","icao":"AEA"},"flight":{"number":"1027","iata":"UX1027","icao":"AEA1027","codeshared":null},"aircraft":null,"live":null},{"flight_date":"2021-11-29","flight_status":"landed","departure":{"airport":"Barajas","timezone":"Europe\/Madrid","iata":"MAD","icao":"LEMD","terminal":"2","gate":"D56","delay":16,"scheduled":"2021-11-29T07:05:00+00:00","estimated":"2021-11-29T07:05:00+00:00","actual":"2021-11-29T07:20:00+00:00","estimated_runway":"2021-11-29T07:20:00+00:00","actual_runway":"2021-11-29T07:20:00+00:00"},"arrival":{"airport":"Orly","timezone":"Europe\/Paris","iata":"ORY","icao":"LFPO","terminal":"ORLY","gate":null,"baggage":"03","delay":null,"scheduled":"2021-11-29T09:05:00+00:00","estimated":"2021-11-29T09:05:00+00:00","actual":"2021-11-29T09:04:00+00:00","estimated_runway":"2021-11-29T09:04:00+00:00","actual_runway":"2021-11-29T09:04:00+00:00"},"airline":{"name":"Delta Air Lines","iata":"DL","icao":"DAL"},"flight":{"number":"6780","iata":"DL6780","icao":"DAL6780","codeshared":{"airline_name":"air europa","airline_iata":"ux","airline_icao":"aea","flight_number":"1027","flight_iata":"ux1027","flight_icao":"aea1027"}},"aircraft":null,"live":null},{"flight_date":"2021-11-29","flight_status":"landed","departure":{"airport":"Barajas","timezone":"Europe\/Madrid","iata":"MAD","icao":"LEMD","terminal":"2","gate":"D56","delay":16,"scheduled":"2021-11-29T07:05:00+00:00","estimated":"2021-11-29T07:05:00+00:00","actual":"2021-11-29T07:20:00+00:00","estimated_runway":"2021-11-29T07:20:00+00:00","actual_runway":"2021-11-29T07:20:00+00:00"},"arrival":{"airport":"Orly","timezone":"Europe\/Paris","iata":"ORY","icao":"LFPO","terminal":"ORLY","gate":null,"baggage":"03","delay":null,"scheduled":"2021-11-29T09:05:00+00:00","estimated":"2021-11-29T09:05:00+00:00","actual":"2021-11-29T09:04:00+00:00","estimated_runway":"2021-11-29T09:04:00+00:00","actual_runway":"2021-11-29T09:04:00+00:00"},"airline":{"name":"Aeromexico","iata":"AM","icao":"AMX"},"flight":{"number":"6950","iata":"AM6950","icao":"AMX6950","codeshared":{"airline_name":"air europa","airline_iata":"ux","airline_icao":"aea","flight_number":"1027","flight_iata":"ux1027","flight_icao":"aea1027"}},"aircraft":null,"live":null},{"flight_date":"2021-11-29","flight_status":"landed","departure":{"airport":"Campo Dell Oro","timezone":"Europe\/Paris","iata":"AJA","icao":"LFKJ","terminal":null,"gate":null,"delay":11,"scheduled":"2021-11-29T06:55:00+00:00","estimated":"2021-11-29T06:55:00+00:00","actual":"2021-11-29T07:05:00+00:00","estimated_runway":"2021-11-29T07:05:00+00:00","actual_runway":"2021-11-29T07:05:00+00:00"},"arrival":{"airport":"Orly","timezone":"Europe\/Paris","iata":"ORY","icao":"LFPO","terminal":"3","gate":null,"baggage":"8","delay":3,"scheduled":"2021-11-29T08:35:00+00:00","estimated":"2021-11-29T08:35:00+00:00","actual":"2021-11-29T08:37:00+00:00","estimated_runway":"2021-11-29T08:37:00+00:00","actual_runway":"2021-11-29T08:37:00+00:00"},"airline":{"name":"Air Corsica","iata":"XK","icao":"CCM"},"flight":{"number":"770","iata":"XK770","icao":"CCM770","codeshared":null},"aircraft":{"registration":"F-HBEV","iata":"A320","icao":"A320","icao24":"398495"},"live":null},{"flight_date":"2021-11-29","flight_status":"landed","departure":{"airport":"Campo Dell Oro","timezone":"Europe\/Paris","iata":"AJA","icao":"LFKJ","terminal":null,"gate":null,"delay":11,"scheduled":"2021-11-29T06:55:00+00:00","estimated":"2021-11-29T06:55:00+00:00","actual":"2021-11-29T07:05:00+00:00","estimated_runway":"2021-11-29T07:05:00+00:00","actual_runway":"2021-11-29T07:05:00+00:00"},"arrival":{"airport":"Orly","timezone":"Europe\/Paris","iata":"ORY","icao":"LFPO","terminal":"3","gate":null,"baggage":"8","delay":3,"scheduled":"2021-11-29T08:35:00+00:00","estimated":"2021-11-29T08:35:00+00:00","actual":"2021-11-29T08:37:00+00:00","estimated_runway":"2021-11-29T08:37:00+00:00","actual_runway":"2021-11-29T08:37:00+00:00"},"airline":{"name":"Air France","iata":"AF","icao":"AFR"},"flight":{"number":"4442","iata":"AF4442","icao":"AFR4442","codeshared":{"airline_name":"air corsica","airline_iata":"xk","airline_icao":"ccm","flight_number":"770","flight_iata":"xk770","flight_icao":"ccm770"}},"aircraft":null,"live":null},{"flight_date":"2021-11-29","flight_status":"landed","departure":{"airport":"Llabanere","timezone":"Europe\/Paris","iata":"PGF","icao":"LFMP","terminal":null,"gate":"1","delay":7,"scheduled":"2021-11-29T06:40:00+00:00","estimated":"2021-11-29T06:40:00+00:00","actual":"2021-11-29T06:47:00+00:00","estimated_runway":"2021-11-29T06:47:00+00:00","actual_runway":"2021-11-29T06:47:00+00:00"},"arrival":{"airport":"Orly","timezone":"Europe\/Paris","iata":"ORY","icao":"LFPO","terminal":"2","gate":"2","baggage":"05","delay":3,"scheduled":"2021-11-29T08:10:00+00:00","estimated":"2021-11-29T08:10:00+00:00","actual":"2021-11-29T08:12:00+00:00","estimated_runway":"2021-11-29T08:12:00+00:00","actual_runway":"2021-11-29T08:12:00+00:00"},"airline":{"name":"Air France","iata":"AF","icao":"AFR"},"flight":{"number":"7471","iata":"AF7471","icao":"AFR7471","codeshared":null},"aircraft":null,"live":null},{"flight_date":"2021-11-29","flight_status":"landed","departure":{"airport":"Marseille Provence Airport","timezone":"Europe\/Paris","iata":"MRS","icao":"LFML","terminal":"1B","gate":"B1","delay":2,"scheduled":"2021-11-29T06:30:00+00:00","estimated":"2021-11-29T06:30:00+00:00","actual":"2021-11-29T06:32:00+00:00","estimated_runway":"2021-11-29T06:32:00+00:00","actual_runway":"2021-11-29T06:32:00+00:00"},"arrival":{"airport":"Orly","timezone":"Europe\/Paris","iata":"ORY","icao":"LFPO","terminal":"2","gate":"2","baggage":"5","delay":null,"scheduled":"2021-11-29T07:55:00+00:00","estimated":"2021-11-29T07:55:00+00:00","actual":"2021-11-29T07:41:00+00:00","estimated_runway":"2021-11-29T07:41:00+00:00","actual_runway":"2021-11-29T07:41:00+00:00"},"airline":{"name":"Air France","iata":"AF","icao":"AFR"},"flight":{"number":"6001","iata":"AF6001","icao":"AFR6001","codeshared":null},"aircraft":null,"live":null},{"flight_date":"2021-11-29","flight_status":"unknown","departure":{"airport":"Carthage","timezone":"Africa\/Tunis","iata":"TUN","icao":"DTTA","terminal":"M","gate":null,"delay":null,"scheduled":"2021-11-29T06:25:00+00:00","estimated":"2021-11-29T06:25:00+00:00","actual":null,"estimated_runway":null,"actual_runway":null},"arrival":{"airport":"Orly","timezone":"Europe\/Paris","iata":"ORY","icao":"LFPO","terminal":"4","gate":null,"baggage":null,"delay":null,"scheduled":"2021-11-29T08:45:00+00:00","estimated":"2021-11-29T08:45:00+00:00","actual":null,"estimated_runway":null,"actual_runway":null},"airline":{"name":"Tunisair","iata":"TU","icao":"TAR"},"flight":{"number":"716","iata":"TU716","icao":"TAR716","codeshared":null},"aircraft":null,"live":null},{"flight_date":"2021-11-29","flight_status":"landed","departure":{"airport":"Clermont\/Ferrand Auvergne International (Aulnat)","timezone":"Europe\/Paris","iata":"CFE","icao":"LFLC","terminal":null,"gate":null,"delay":12,"scheduled":"2021-11-29T06:55:00+00:00","estimated":"2021-11-29T06:55:00+00:00","actual":"2021-11-29T07:07:00+00:00","estimated_runway":"2021-11-29T07:07:00+00:00","actual_runway":"2021-11-29T07:07:00+00:00"},"arrival":{"airport":"Orly","timezone":"Europe\/Paris","iata":"ORY","icao":"LFPO","terminal":"ORLY","gate":null,"baggage":"02","delay":null,"scheduled":"2021-11-29T08:10:00+00:00","estimated":"2021-11-29T08:10:00+00:00","actual":"2021-11-29T07:53:00+00:00","estimated_runway":"2021-11-29T07:53:00+00:00","actual_runway":"2021-11-29T07:53:00+00:00"},"airline":{"name":"Aero4M","iata":"AEH","icao":"AEH"},"flight":{"number":"6314","iata":"AEH6314","icao":"AEH6314","codeshared":null},"aircraft":null,"live":null},{"flight_date":"2021-11-29","flight_status":"landed","departure":{"airport":"Clermont\/Ferrand Auvergne International (Aulnat)","timezone":"Europe\/Paris","iata":"CFE","icao":"LFLC","terminal":null,"gate":null,"delay":12,"scheduled":"2021-11-29T06:55:00+00:00","estimated":"2021-11-29T06:55:00+00:00","actual":"2021-11-29T07:07:00+00:00","estimated_runway":"2021-11-29T07:07:00+00:00","actual_runway":"2021-11-29T07:07:00+00:00"},"arrival":{"airport":"Orly","timezone":"Europe\/Paris","iata":"ORY","icao":"LFPO","terminal":"ORLY","gate":null,"baggage":"02","delay":null,"scheduled":"2021-11-29T08:10:00+00:00","estimated":"2021-11-29T08:10:00+00:00","actual":"2021-11-29T07:53:00+00:00","estimated_runway":"2021-11-29T07:53:00+00:00","actual_runway":"2021-11-29T07:53:00+00:00"},"airline":{"name":"Air France","iata":"AF","icao":"AFR"},"flight":{"number":"5326","iata":"AF5326","icao":"AFR5326","codeshared":{"airline_name":"aero4m","airline_iata":"aeh","airline_icao":"aeh","flight_number":"6314","flight_iata":"aeh6314","flight_icao":"aeh6314"}},"aircraft":null,"live":null},{"flight_date":"2021-11-29","flight_status":"landed","departure":{"airport":"Franz Josef Strauss","timezone":"Europe\/Berlin","iata":"MUC","icao":"EDDM","terminal":"2","gate":"G63","delay":18,"scheduled":"2021-11-29T07:00:00+00:00","estimated":"2021-11-29T07:00:00+00:00","actual":"2021-11-29T07:18:00+00:00","estimated_runway":"2021-11-29T07:18:00+00:00","actual_runway":"2021-11-29T07:18:00+00:00"},"arrival":{"airport":"Orly","timezone":"Europe\/Paris","iata":"ORY","icao":"LFPO","terminal":"1","gate":null,"baggage":null,"delay":2,"scheduled":"2021-11-29T08:30:00+00:00","estimated":"2021-11-29T08:30:00+00:00","actual":"2021-11-29T08:34:00+00:00","estimated_runway":"2021-11-29T08:34:00+00:00","actual_runway":"2021-11-29T08:34:00+00:00"},"airline":{"name":"Lufthansa","iata":"LH","icao":"DLH"},"flight":{"number":"2212","iata":"LH2212","icao":"DLH2212","codeshared":null},"aircraft":null,"live":null},{"flight_date":"2021-11-29","flight_status":"landed","departure":{"airport":"Mazamet","timezone":"Europe\/Paris","iata":"DCM","icao":"LFCK","terminal":null,"gate":"1","delay":null,"scheduled":"2021-11-29T07:00:00+00:00","estimated":"2021-11-29T07:00:00+00:00","actual":"2021-11-29T06:59:00+00:00","estimated_runway":"2021-11-29T06:59:00+00:00","actual_runway":"2021-11-29T06:59:00+00:00"},"arrival":{"airport":"Orly","timezone":"Europe\/Paris","iata":"ORY","icao":"LFPO","terminal":"2","gate":"2","baggage":"08","delay":8,"scheduled":"2021-11-29T08:15:00+00:00","estimated":"2021-11-29T08:15:00+00:00","actual":"2021-11-29T08:23:00+00:00","estimated_runway":"2021-11-29T08:23:00+00:00","actual_runway":"2021-11-29T08:23:00+00:00"},"airline":{"name":"Air France","iata":"AF","icao":"AFR"},"flight":{"number":"7615","iata":"AF7615","icao":"AFR7615","codeshared":null},"aircraft":null,"live":null},{"flight_date":"2021-11-29","flight_status":"landed","departure":{"airport":"Poretta","timezone":"Europe\/Paris","iata":"BIA","icao":"LFKB","terminal":null,"gate":null,"delay":7,"scheduled":"2021-11-29T06:55:00+00:00","estimated":"2021-11-29T06:55:00+00:00","actual":"2021-11-29T07:02:00+00:00","estimated_runway":"2021-11-29T07:02:00+00:00","actual_runway":"2021-11-29T07:02:00+00:00"},"arrival":{"airport":"Orly","timezone":"Europe\/Paris","iata":"ORY","icao":"LFPO","terminal":"2","gate":null,"baggage":"09","delay":null,"scheduled":"2021-11-29T08:35:00+00:00","estimated":"2021-11-29T08:35:00+00:00","actual":"2021-11-29T08:29:00+00:00","estimated_runway":"2021-11-29T08:29:00+00:00","actual_runway":"2021-11-29T08:29:00+00:00"},"airline":{"name":"Air Corsica","iata":"XK","icao":"CCM"},"flight":{"number":"780","iata":"XK780","icao":"CCM780","codeshared":null},"aircraft":{"registration":"F-HZDP","iata":"A320","icao":"A320","icao24":"39E46F"},"live":null},{"flight_date":"2021-11-29","flight_status":"landed","departure":{"airport":"Poretta","timezone":"Europe\/Paris","iata":"BIA","icao":"LFKB","terminal":null,"gate":null,"delay":7,"scheduled":"2021-11-29T06:55:00+00:00","estimated":"2021-11-29T06:55:00+00:00","actual":"2021-11-29T07:02:00+00:00","estimated_runway":"2021-11-29T07:02:00+00:00","actual_runway":"2021-11-29T07:02:00+00:00"},"arrival":{"airport":"Orly","timezone":"Europe\/Paris","iata":"ORY","icao":"LFPO","terminal":"2","gate":null,"baggage":"09","delay":null,"scheduled":"2021-11-29T08:35:00+00:00","estimated":"2021-11-29T08:35:00+00:00","actual":"2021-11-29T08:29:00+00:00","estimated_runway":"2021-11-29T08:29:00+00:00","actual_runway":"2021-11-29T08:29:00+00:00"},"airline":{"name":"Air France","iata":"AF","icao":"AFR"},"flight":{"number":"4458","iata":"AF4458","icao":"AFR4458","codeshared":{"airline_name":"air corsica","airline_iata":"xk","airline_icao":"ccm","flight_number":"780","flight_iata":"xk780","flight_icao":"ccm780"}},"aircraft":null,"live":null},{"flight_date":"2021-11-29","flight_status":"landed","departure":{"airport":"Geneve-cointrin","timezone":"Europe\/Zurich","iata":"GVA","icao":"LSGG","terminal":"1","gate":"E11","delay":1,"scheduled":"2021-11-29T06:40:00+00:00","estimated":"2021-11-29T06:40:00+00:00","actual":"2021-11-29T06:40:00+00:00","estimated_runway":"2021-11-29T06:40:00+00:00","actual_runway":"2021-11-29T06:40:00+00:00"},"arrival":{"airport":"Orly","timezone":"Europe\/Paris","iata":"ORY","icao":"LFPO","terminal":"1","gate":null,"baggage":null,"delay":null,"scheduled":"2021-11-29T07:45:00+00:00","estimated":"2021-11-29T07:45:00+00:00","actual":"2021-11-29T07:31:00+00:00","estimated_runway":"2021-11-29T07:31:00+00:00","actual_runway":"2021-11-29T07:31:00+00:00"},"airline":{"name":"easyJet","iata":"U2","icao":"EZY"},"flight":{"number":"1399","iata":"U21399","icao":"EZY1399","codeshared":null},"aircraft":null,"live":null},{"flight_date":"2021-11-29","flight_status":"landed","departure":{"airport":"Marcillac","timezone":"Europe\/Paris","iata":"RDZ","icao":"LFCR","terminal":null,"gate":null,"delay":13,"scheduled":"2021-11-29T06:45:00+00:00","estimated":"2021-11-29T06:45:00+00:00","actual":"2021-11-29T06:58:00+00:00","estimated_runway":"2021-11-29T06:58:00+00:00","actual_runway":"2021-11-29T06:58:00+00:00"},"arrival":{"airport":"Orly","timezone":"Europe\/Paris","iata":"ORY","icao":"LFPO","terminal":"1","gate":null,"baggage":"02","delay":11,"scheduled":"2021-11-29T08:00:00+00:00","estimated":"2021-11-29T08:00:00+00:00","actual":"2021-11-29T08:11:00+00:00","estimated_runway":"2021-11-29T08:11:00+00:00","actual_runway":"2021-11-29T08:11:00+00:00"},"airline":{"name":"Aero4M","iata":"AEH","icao":"AEH"},"flight":{"number":"1220","iata":"AEH1220","icao":"AEH1220","codeshared":null},"aircraft":null,"live":null},{"flight_date":"2021-11-29","flight_status":"landed","departure":{"airport":"Marcillac","timezone":"Europe\/Paris","iata":"RDZ","icao":"LFCR","terminal":null,"gate":null,"delay":13,"scheduled":"2021-11-29T06:45:00+00:00","estimated":"2021-11-29T06:45:00+00:00","actual":"2021-11-29T06:58:00+00:00","estimated_runway":"2021-11-29T06:58:00+00:00","actual_runway":"2021-11-29T06:58:00+00:00"},"arrival":{"airport":"Orly","timezone":"Europe\/Paris","iata":"ORY","icao":"LFPO","terminal":"1","gate":null,"baggage":"02","delay":11,"scheduled":"2021-11-29T08:00:00+00:00","estimated":"2021-11-29T08:00:00+00:00","actual":"2021-11-29T08:11:00+00:00","estimated_runway":"2021-11-29T08:11:00+00:00","actual_runway":"2021-11-29T08:11:00+00:00"},"airline":{"name":"Air France","iata":"AF","icao":"AFR"},"flight":{"number":"5340","iata":"AF5340","icao":"AFR5340","codeshared":{"airline_name":"aero4m","airline_iata":"aeh","airline_icao":"aeh","flight_number":"1220","flight_iata":"aeh1220","flight_icao":"aeh1220"}},"aircraft":null,"live":null},{"flight_date":"2021-11-29","flight_status":"landed","departure":{"airport":"Blagnac","timezone":"Europe\/Paris","iata":"TLS","icao":"LFBO","terminal":null,"gate":"HD","delay":12,"scheduled":"2021-11-29T06:30:00+00:00","estimated":"2021-11-29T06:30:00+00:00","actual":"2021-11-29T06:42:00+00:00","estimated_runway":"2021-11-29T06:42:00+00:00","actual_runway":"2021-11-29T06:42:00+00:00"},"arrival":{"airport":"Orly","timezone":"Europe\/Paris","iata":"ORY","icao":"LFPO","terminal":"2","gate":"2","baggage":"08","delay":8,"scheduled":"2021-11-29T07:55:00+00:00","estimated":"2021-11-29T07:55:00+00:00","actual":"2021-11-29T08:02:00+00:00","estimated_runway":"2021-11-29T08:02:00+00:00","actual_runway":"2021-11-29T08:02:00+00:00"},"airline":{"name":"Air France","iata":"AF","icao":"AFR"},"flight":{"number":"6103","iata":"AF6103","icao":"AFR6103","codeshared":null},"aircraft":null,"live":null},{"flight_date":"2021-11-29","flight_status":"landed","departure":{"airport":"Le Palyvestre","timezone":"Europe\/Paris","iata":"TLN","icao":"LFTH","terminal":null,"gate":null,"delay":2,"scheduled":"2021-11-29T06:40:00+00:00","estimated":"2021-11-29T06:40:00+00:00","actual":"2021-11-29T06:41:00+00:00","estimated_runway":"2021-11-29T06:41:00+00:00","actual_runway":"2021-11-29T06:41:00+00:00"},"arrival":{"airport":"Orly","timezone":"Europe\/Paris","iata":"ORY","icao":"LFPO","terminal":"3","gate":null,"baggage":"2","delay":null,"scheduled":"2021-11-29T08:15:00+00:00","estimated":"2021-11-29T08:15:00+00:00","actual":"2021-11-29T07:59:00+00:00","estimated_runway":"2021-11-29T07:59:00+00:00","actual_runway":"2021-11-29T07:59:00+00:00"},"airline":{"name":"Transavia France","iata":"TO","icao":"TVF"},"flight":{"number":"4545","iata":"TO4545","icao":"TVF4545","codeshared":null},"aircraft":null,"live":null},{"flight_date":"2021-11-29","flight_status":"scheduled","departure":{"airport":"Llabanere","timezone":"Europe\/Paris","iata":"PGF","icao":"LFMP","terminal":null,"gate":"1","delay":null,"scheduled":"2021-11-29T10:55:00+00:00","estimated":"2021-11-29T10:55:00+00:00","actual":null,"estimated_runway":null,"actual_runway":null},"arrival":{"airport":"Orly","timezone":"Europe\/Paris","iata":"ORY","icao":"LFPO","terminal":"3","gate":"2","baggage":null,"delay":null,"scheduled":"2021-11-29T12:30:00+00:00","estimated":"2021-11-29T12:30:00+00:00","actual":null,"estimated_runway":null,"actual_runway":null},"airline":{"name":"Air France","iata":"AF","icao":"AFR"},"flight":{"number":"7467","iata":"AF7467","icao":"AFR7467","codeshared":null},"aircraft":null,"live":null},{"flight_date":"2021-11-29","flight_status":"active","departure":{"airport":"Barajas","timezone":"Europe\/Madrid","iata":"MAD","icao":"LEMD","terminal":"1","gate":"335","delay":26,"scheduled":"2021-11-29T09:10:00+00:00","estimated":"2021-11-29T09:10:00+00:00","actual":"2021-11-29T09:36:00+00:00","estimated_runway":"2021-11-29T09:36:00+00:00","actual_runway":"2021-11-29T09:36:00+00:00"},"arrival":{"airport":"Orly","timezone":"Europe\/Paris","iata":"ORY","icao":"LFPO","terminal":"3","gate":null,"baggage":"04","delay":null,"scheduled":"2021-11-29T11:20:00+00:00","estimated":"2021-11-29T11:20:00+00:00","actual":null,"estimated_runway":null,"actual_runway":null},"airline":{"name":"Transavia France","iata":"TO","icao":"TVF"},"flight":{"number":"3181","iata":"TO3181","icao":"TVF3181","codeshared":null},"aircraft":null,"live":null},{"flight_date":"2021-11-29","flight_status":"scheduled","departure":{"airport":"Pablo Ruiz Picasso","timezone":"Europe\/Madrid","iata":"AGP","icao":"LEMG","terminal":null,"gate":"325","delay":null,"scheduled":"2021-11-29T10:55:00+00:00","estimated":"2021-11-29T10:55:00+00:00","actual":null,"estimated_runway":null,"actual_runway":null},"arrival":{"airport":"Orly","timezone":"Europe\/Paris","iata":"ORY","icao":"LFPO","terminal":"3","gate":null,"baggage":null,"delay":null,"scheduled":"2021-11-29T13:30:00+00:00","estimated":"2021-11-29T13:30:00+00:00","actual":null,"estimated_runway":null,"actual_runway":null},"airline":{"name":"Transavia France","iata":"TO","icao":"TVF"},"flight":{"number":"3161","iata":"TO3161","icao":"TVF3161","codeshared":null},"aircraft":null,"live":null},{"flight_date":"2021-11-29","flight_status":"scheduled","departure":{"airport":"Galileo Galilei","timezone":"Europe\/Rome","iata":"PSA","icao":"LIRP","terminal":null,"gate":null,"delay":null,"scheduled":"2021-11-29T16:15:00+00:00","estimated":"2021-11-29T16:15:00+00:00","actual":null,"estimated_runway":null,"actual_runway":null},"arrival":{"airport":"Orly","timezone":"Europe\/Paris","iata":"ORY","icao":"LFPO","terminal":"1","gate":null,"baggage":null,"delay":null,"scheduled":"2021-11-29T18:00:00+00:00","estimated":"2021-11-29T18:00:00+00:00","actual":null,"estimated_runway":null,"actual_runway":null},"airline":{"name":"easyJet","iata":"U2","icao":"EZY"},"flight":{"number":"4214","iata":"U24214","icao":"EZY4214","codeshared":null},"aircraft":null,"live":null},{"flight_date":"2021-11-29","flight_status":"scheduled","departure":{"airport":"Santander","timezone":"Europe\/Madrid","iata":"SDR","icao":"LEXJ","terminal":"N","gate":"1","delay":null,"scheduled":"2021-11-29T14:30:00+00:00","estimated":"2021-11-29T14:30:00+00:00","actual":null,"estimated_runway":null,"actual_runway":null},"arrival":{"airport":"Orly","timezone":"Europe\/Paris","iata":"ORY","icao":"LFPO","terminal":"2","gate":null,"baggage":null,"delay":null,"scheduled":"2021-11-29T16:10:00+00:00","estimated":"2021-11-29T16:10:00+00:00","actual":null,"estimated_runway":null,"actual_runway":null},"airline":{"name":"Vueling","iata":"VY","icao":"VLG"},"flight":{"number":"8145","iata":"VY8145","icao":"VLG8145","codeshared":null},"aircraft":null,"live":null},{"flight_date":"2021-11-29","flight_status":"scheduled","departure":{"airport":"Santander","timezone":"Europe\/Madrid","iata":"SDR","icao":"LEXJ","terminal":"N","gate":"1","delay":null,"scheduled":"2021-11-29T14:30:00+00:00","estimated":"2021-11-29T14:30:00+00:00","actual":null,"estimated_runway":null,"actual_runway":null},"arrival":{"airport":"Orly","timezone":"Europe\/Paris","iata":"ORY","icao":"LFPO","terminal":"2","gate":null,"baggage":null,"delay":null,"scheduled":"2021-11-29T16:10:00+00:00","estimated":"2021-11-29T16:10:00+00:00","actual":null,"estimated_runway":null,"actual_runway":null},"airline":{"name":"Iberia","iata":"IB","icao":"IBE"},"flight":{"number":"5798","iata":"IB5798","icao":"IBE5798","codeshared":{"airline_name":"vueling","airline_iata":"vy","airline_icao":"vlg","flight_number":"8145","flight_iata":"vy8145","flight_icao":"vlg8145"}},"aircraft":null,"live":null},{"flight_date":"2021-11-29","flight_status":"scheduled","departure":{"airport":"Pluguffan","timezone":"Europe\/Paris","iata":"UIP","icao":"LFRQ","terminal":null,"gate":null,"delay":null,"scheduled":"2021-11-29T10:45:00+00:00","estimated":"2021-11-29T10:45:00+00:00","actual":null,"estimated_runway":null,"actual_runway":null},"arrival":{"airport":"Orly","timezone":"Europe\/Paris","iata":"ORY","icao":"LFPO","terminal":"1","gate":null,"baggage":null,"delay":null,"scheduled":"2021-11-29T12:10:00+00:00","estimated":"2021-11-29T12:10:00+00:00","actual":null,"estimated_runway":null,"actual_runway":null},"airline":{"name":"Chalair","iata":"CE","icao":"CLG"},"flight":{"number":"293","iata":"CE293","icao":"CLG293","codeshared":null},"aircraft":null,"live":null},{"flight_date":"2021-11-29","flight_status":"scheduled","departure":{"airport":"El Prat De Llobregat","timezone":"Europe\/Madrid","iata":"BCN","icao":"LEBL","terminal":"1","gate":"B34","delay":null,"scheduled":"2021-11-29T13:50:00+00:00","estimated":"2021-11-29T13:50:00+00:00","actual":null,"estimated_runway":null,"actual_runway":null},"arrival":{"airport":"Orly","timezone":"Europe\/Paris","iata":"ORY","icao":"LFPO","terminal":"2","gate":null,"baggage":null,"delay":null,"scheduled":"2021-11-29T15:40:00+00:00","estimated":"2021-11-29T15:40:00+00:00","actual":null,"estimated_runway":null,"actual_runway":null},"airline":{"name":"Qatar Airways","iata":"QR","icao":"QTR"},"flight":{"number":"3602","iata":"QR3602","icao":"QTR3602","codeshared":{"airline_name":"vueling","airline_iata":"vy","airline_icao":"vlg","flight_number":"8018","flight_iata":"vy8018","flight_icao":"vlg8018"}},"aircraft":null,"live":null},{"flight_date":"2021-11-29","flight_status":"scheduled","departure":{"airport":"El Prat De Llobregat","timezone":"Europe\/Madrid","iata":"BCN","icao":"LEBL","terminal":"1","gate":"B34","delay":null,"scheduled":"2021-11-29T13:50:00+00:00","estimated":"2021-11-29T13:50:00+00:00","actual":null,"estimated_runway":null,"actual_runway":null},"arrival":{"airport":"Orly","timezone":"Europe\/Paris","iata":"ORY","icao":"LFPO","terminal":"2","gate":null,"baggage":null,"delay":null,"scheduled":"2021-11-29T15:40:00+00:00","estimated":"2021-11-29T15:40:00+00:00","actual":null,"estimated_runway":null,"actual_runway":null},"airline":{"name":"Iberia","iata":"IB","icao":"IBE"},"flight":{"number":"5606","iata":"IB5606","icao":"IBE5606","codeshared":{"airline_name":"vueling","airline_iata":"vy","airline_icao":"vlg","flight_number":"8018","flight_iata":"vy8018","flight_icao":"vlg8018"}},"aircraft":null,"live":null},{"flight_date":"2021-11-29","flight_status":"scheduled","departure":{"airport":"Carthage","timezone":"Africa\/Tunis","iata":"TUN","icao":"DTTA","terminal":"M","gate":null,"delay":null,"scheduled":"2021-11-29T15:30:00+00:00","estimated":"2021-11-29T15:30:00+00:00","actual":null,"estimated_runway":null,"actual_runway":null},"arrival":{"airport":"Orly","timezone":"Europe\/Paris","iata":"ORY","icao":"LFPO","terminal":"4","gate":null,"baggage":null,"delay":null,"scheduled":"2021-11-29T17:50:00+00:00","estimated":"2021-11-29T17:50:00+00:00","actual":null,"estimated_runway":null,"actual_runway":null},"airline":{"name":"Tunisair","iata":"TU","icao":"TAR"},"flight":{"number":"722","iata":"TU722","icao":"TAR722","codeshared":null},"aircraft":null,"live":null},{"flight_date":"2021-11-29","flight_status":"scheduled","departure":{"airport":"Blagnac","timezone":"Europe\/Paris","iata":"TLS","icao":"LFBO","terminal":null,"gate":"HD","delay":null,"scheduled":"2021-11-29T11:00:00+00:00","estimated":"2021-11-29T11:00:00+00:00","actual":null,"estimated_runway":null,"actual_runway":null},"arrival":{"airport":"Orly","timezone":"Europe\/Paris","iata":"ORY","icao":"LFPO","terminal":"2","gate":"2","baggage":null,"delay":null,"scheduled":"2021-11-29T12:25:00+00:00","estimated":"2021-11-29T12:25:00+00:00","actual":null,"estimated_runway":null,"actual_runway":null},"airline":{"name":"Air France","iata":"AF","icao":"AFR"},"flight":{"number":"6121","iata":"AF6121","icao":"AFR6121","codeshared":null},"aircraft":null,"live":null},{"flight_date":"2021-11-29","flight_status":"scheduled","departure":{"airport":"Blagnac","timezone":"Europe\/Paris","iata":"TLS","icao":"LFBO","terminal":null,"gate":"HD","delay":null,"scheduled":"2021-11-29T11:00:00+00:00","estimated":"2021-11-29T11:00:00+00:00","actual":null,"estimated_runway":null,"actual_runway":null},"arrival":{"airport":"Orly","timezone":"Europe\/Paris","iata":"ORY","icao":"LFPO","terminal":"2","gate":"2","baggage":null,"delay":null,"scheduled":"2021-11-29T12:25:00+00:00","estimated":"2021-11-29T12:25:00+00:00","actual":null,"estimated_runway":null,"actual_runway":null},"airline":{"name":"Air Europa","iata":"UX","icao":"AEA"},"flight":{"number":"2241","iata":"UX2241","icao":"AEA2241","codeshared":{"airline_name":"air france","airline_iata":"af","airline_icao":"afr","flight_number":"6121","flight_iata":"af6121","flight_icao":"afr6121"}},"aircraft":null,"live":null},{"flight_date":"2021-11-29","flight_status":"landed","departure":{"airport":"Linate","timezone":"Europe\/Rome","iata":"LIN","icao":"LIML","terminal":null,"gate":"A4","delay":45,"scheduled":"2021-11-29T08:20:00+00:00","estimated":"2021-11-29T08:20:00+00:00","actual":"2021-11-29T09:04:00+00:00","estimated_runway":"2021-11-29T09:04:00+00:00","actual_runway":"2021-11-29T09:04:00+00:00"},"arrival":{"airport":"Orly","timezone":"Europe\/Paris","iata":"ORY","icao":"LFPO","terminal":"1","gate":null,"baggage":null,"delay":25,"scheduled":"2021-11-29T09:45:00+00:00","estimated":"2021-11-29T09:45:00+00:00","actual":"2021-11-29T10:11:00+00:00","estimated_runway":"2021-11-29T10:11:00+00:00","actual_runway":"2021-11-29T10:11:00+00:00"},"airline":{"name":"Italia Trasporto Aereo","iata":"AZ","icao":"ITY"},"flight":{"number":"350","iata":"AZ350","icao":"ITY350","codeshared":null},"aircraft":{"registration":"EI-DTE","iata":"A320","icao":"A320","icao24":"4CA798"},"live":null},{"flight_date":"2021-11-29","flight_status":"cancelled","departure":{"airport":"Agadir Almassira","timezone":"Africa\/Casablanca","iata":"AGA","icao":"GMAD","terminal":null,"gate":null,"delay":null,"scheduled":"2021-11-29T16:35:00+00:00","estimated":"2021-11-29T16:35:00+00:00","actual":null,"estimated_runway":null,"actual_runway":null},"arrival":{"airport":"Orly","timezone":"Europe\/Paris","iata":"ORY","icao":"LFPO","terminal":"4","gate":null,"baggage":null,"delay":null,"scheduled":"2021-11-29T20:00:00+00:00","estimated":"2021-11-29T20:00:00+00:00","actual":null,"estimated_runway":null,"actual_runway":null},"airline":{"name":"Royal Air Maroc","iata":"AT","icao":"RAM"},"flight":{"number":"664","iata":"AT664","icao":"RAM664","codeshared":null},"aircraft":null,"live":null},{"flight_date":"2021-11-29","flight_status":"scheduled","departure":{"airport":"Barajas","timezone":"Europe\/Madrid","iata":"MAD","icao":"LEMD","terminal":"3","gate":"E82","delay":null,"scheduled":"2021-11-29T16:50:00+00:00","estimated":"2021-11-29T16:50:00+00:00","actual":null,"estimated_runway":null,"actual_runway":null},"arrival":{"airport":"Orly","timezone":"Europe\/Paris","iata":"ORY","icao":"LFPO","terminal":"ORLY","gate":null,"baggage":null,"delay":null,"scheduled":"2021-11-29T18:50:00+00:00","estimated":"2021-11-29T18:50:00+00:00","actual":null,"estimated_runway":null,"actual_runway":null},"airline":{"name":"Air Europa","iata":"UX","icao":"AEA"},"flight":{"number":"1025","iata":"UX1025","icao":"AEA1025","codeshared":null},"aircraft":null,"live":null},{"flight_date":"2021-11-29","flight_status":"scheduled","departure":{"airport":"Barajas","timezone":"Europe\/Madrid","iata":"MAD","icao":"LEMD","terminal":"4","gate":"K62","delay":null,"scheduled":"2021-11-29T16:40:00+00:00","estimated":"2021-11-29T16:40:00+00:00","actual":null,"estimated_runway":null,"actual_runway":null},"arrival":{"airport":"Orly","timezone":"Europe\/Paris","iata":"ORY","icao":"LFPO","terminal":"1","gate":null,"baggage":null,"delay":null,"scheduled":"2021-11-29T18:45:00+00:00","estimated":"2021-11-29T18:45:00+00:00","actual":null,"estimated_runway":null,"actual_runway":null},"airline":{"name":"Iberia","iata":"IB","icao":"IBE"},"flight":{"number":"3444","iata":"IB3444","icao":"IBE3444","codeshared":null},"aircraft":null,"live":null},{"flight_date":"2021-11-29","flight_status":"active","departure":{"airport":"El Prat De Llobregat","timezone":"Europe\/Madrid","iata":"BCN","icao":"LEBL","terminal":"1","gate":"A20","delay":16,"scheduled":"2021-11-29T09:25:00+00:00","estimated":"2021-11-29T09:25:00+00:00","actual":"2021-11-29T09:41:00+00:00","estimated_runway":"2021-11-29T09:41:00+00:00","actual_runway":"2021-11-29T09:41:00+00:00"},"arrival":{"airport":"Orly","timezone":"Europe\/Paris","iata":"ORY","icao":"LFPO","terminal":"2","gate":null,"baggage":null,"delay":null,"scheduled":"2021-11-29T11:15:00+00:00","estimated":"2021-11-29T11:15:00+00:00","actual":null,"estimated_runway":null,"actual_runway":null},"airline":{"name":"Iberia","iata":"IB","icao":"IBE"},"flight":{"number":"5601","iata":"IB5601","icao":"IBE5601","codeshared":{"airline_name":"vueling","airline_iata":"vy","airline_icao":"vlg","flight_number":"8010","flight_iata":"vy8010","flight_icao":"vlg8010"}},"aircraft":null,"live":null},{"flight_date":"2021-11-29","flight_status":"active","departure":{"airport":"El Prat De Llobregat","timezone":"Europe\/Madrid","iata":"BCN","icao":"LEBL","terminal":"1","gate":"A20","delay":16,"scheduled":"2021-11-29T09:25:00+00:00","estimated":"2021-11-29T09:25:00+00:00","actual":"2021-11-29T09:41:00+00:00","estimated_runway":"2021-11-29T09:41:00+00:00","actual_runway":"2021-11-29T09:41:00+00:00"},"arrival":{"airport":"Orly","timezone":"Europe\/Paris","iata":"ORY","icao":"LFPO","terminal":"2","gate":null,"baggage":null,"delay":null,"scheduled":"2021-11-29T11:15:00+00:00","estimated":"2021-11-29T11:15:00+00:00","actual":null,"estimated_runway":null,"actual_runway":null},"airline":{"name":"Qatar Airways","iata":"QR","icao":"QTR"},"flight":{"number":"3576","iata":"QR3576","icao":"QTR3576","codeshared":{"airline_name":"vueling","airline_iata":"vy","airline_icao":"vlg","flight_number":"8010","flight_iata":"vy8010","flight_icao":"vlg8010"}},"aircraft":null,"live":null},{"flight_date":"2021-11-29","flight_status":"scheduled","departure":{"airport":"Marco Polo","timezone":"Europe\/Rome","iata":"VCE","icao":"LIPZ","terminal":null,"gate":null,"delay":null,"scheduled":"2021-11-29T13:45:00+00:00","estimated":"2021-11-29T13:45:00+00:00","actual":null,"estimated_runway":null,"actual_runway":null},"arrival":{"airport":"Orly","timezone":"Europe\/Paris","iata":"ORY","icao":"LFPO","terminal":"1","gate":null,"baggage":null,"delay":null,"scheduled":"2021-11-29T15:35:00+00:00","estimated":"2021-11-29T15:35:00+00:00","actual":null,"estimated_runway":null,"actual_runway":null},"airline":{"name":"easyJet","iata":"U2","icao":"EZY"},"flight":{"number":"4294","iata":"U24294","icao":"EZY4294","codeshared":null},"aircraft":null,"live":null},{"flight_date":"2021-11-29","flight_status":"scheduled","departure":{"airport":"Cote D\u0027azur International Airport","timezone":"Europe\/Paris","iata":"NCE","icao":"LFMN","terminal":"2","gate":null,"delay":null,"scheduled":"2021-11-29T15:00:00+00:00","estimated":"2021-11-29T15:00:00+00:00","actual":null,"estimated_runway":null,"actual_runway":null},"arrival":{"airport":"Orly","timezone":"Europe\/Paris","iata":"ORY","icao":"LFPO","terminal":"1","gate":null,"baggage":null,"delay":null,"scheduled":"2021-11-29T16:30:00+00:00","estimated":"2021-11-29T16:30:00+00:00","actual":null,"estimated_runway":null,"actual_runway":null},"airline":{"name":"easyJet","iata":"U2","icao":"EZY"},"flight":{"number":"4064","iata":"U24064","icao":"EZY4064","codeshared":null},"aircraft":null,"live":null},{"flight_date":"2021-11-29","flight_status":"scheduled","departure":{"airport":"Cote D\u0027azur International Airport","timezone":"Europe\/Paris","iata":"NCE","icao":"LFMN","terminal":"2","gate":"2C","delay":null,"scheduled":"2021-11-29T15:30:00+00:00","estimated":"2021-11-29T15:30:00+00:00","actual":null,"estimated_runway":null,"actual_runway":null},"arrival":{"airport":"Orly","timezone":"Europe\/Paris","iata":"ORY","icao":"LFPO","terminal":"2","gate":null,"baggage":null,"delay":null,"scheduled":"2021-11-29T17:05:00+00:00","estimated":"2021-11-29T17:05:00+00:00","actual":null,"estimated_runway":null,"actual_runway":null},"airline":{"name":"Air France","iata":"AF","icao":"AFR"},"flight":{"number":"6225","iata":"AF6225","icao":"AFR6225","codeshared":null},"aircraft":null,"live":null},{"flight_date":"2021-11-29","flight_status":"scheduled","departure":{"airport":"Marseille Provence Airport","timezone":"Europe\/Paris","iata":"MRS","icao":"LFML","terminal":"1B","gate":"B1","delay":null,"scheduled":"2021-11-29T15:30:00+00:00","estimated":"2021-11-29T15:30:00+00:00","actual":null,"estimated_runway":null,"actual_runway":null},"arrival":{"airport":"Orly","timezone":"Europe\/Paris","iata":"ORY","icao":"LFPO","terminal":"2","gate":null,"baggage":null,"delay":null,"scheduled":"2021-11-29T16:55:00+00:00","estimated":"2021-11-29T16:55:00+00:00","actual":null,"estimated_runway":null,"actual_runway":null},"airline":{"name":"Air France","iata":"AF","icao":"AFR"},"flight":{"number":"6019","iata":"AF6019","icao":"AFR6019","codeshared":null},"aircraft":null,"live":null},{"flight_date":"2021-11-29","flight_status":"scheduled","departure":{"airport":"Capodichino","timezone":"Europe\/Rome","iata":"NAP","icao":"LIRN","terminal":null,"gate":null,"delay":null,"scheduled":"2021-11-29T16:40:00+00:00","estimated":"2021-11-29T16:40:00+00:00","actual":null,"estimated_runway":null,"actual_runway":null},"arrival":{"airport":"Orly","timezone":"Europe\/Paris","iata":"ORY","icao":"LFPO","terminal":"1","gate":null,"baggage":null,"delay":null,"scheduled":"2021-11-29T19:05:00+00:00","estimated":"2021-11-29T19:05:00+00:00","actual":null,"estimated_runway":null,"actual_runway":null},"airline":{"name":"easyJet","iata":"U2","icao":"EZY"},"flight":{"number":"4258","iata":"U24258","icao":"EZY4258","codeshared":null},"aircraft":null,"live":null},{"flight_date":"2021-11-29","flight_status":"scheduled","departure":{"airport":"Ben Gurion International","timezone":"Asia\/Jerusalem","iata":"TLV","icao":"LLBG","terminal":"3","gate":null,"delay":null,"scheduled":"2021-11-29T18:00:00+00:00","estimated":"2021-11-29T18:00:00+00:00","actual":null,"estimated_runway":null,"actual_runway":null},"arrival":{"airport":"Orly","timezone":"Europe\/Paris","iata":"ORY","icao":"LFPO","terminal":"3","gate":null,"baggage":null,"delay":null,"scheduled":"2021-11-29T22:10:00+00:00","estimated":"2021-11-29T22:10:00+00:00","actual":null,"estimated_runway":null,"actual_runway":null},"airline":{"name":"Transavia France","iata":"TO","icao":"TVF"},"flight":{"number":"3939","iata":"TO3939","icao":"TVF3939","codeshared":null},"aircraft":null,"live":null},{"flight_date":"2021-11-29","flight_status":"scheduled","departure":{"airport":"Blagnac","timezone":"Europe\/Paris","iata":"TLS","icao":"LFBO","terminal":null,"gate":"HD","delay":null,"scheduled":"2021-11-29T16:35:00+00:00","estimated":"2021-11-29T16:35:00+00:00","actual":null,"estimated_runway":null,"actual_runway":null},"arrival":{"airport":"Orly","timezone":"Europe\/Paris","iata":"ORY","icao":"LFPO","terminal":"2","gate":null,"baggage":null,"delay":null,"scheduled":"2021-11-29T18:00:00+00:00","estimated":"2021-11-29T18:00:00+00:00","actual":null,"estimated_runway":null,"actual_runway":null},"airline":{"name":"Air France","iata":"AF","icao":"AFR"},"flight":{"number":"6135","iata":"AF6135","icao":"AFR6135","codeshared":null},"aircraft":null,"live":null},{"flight_date":"2021-11-29","flight_status":"scheduled","departure":{"airport":"Blagnac","timezone":"Europe\/Paris","iata":"TLS","icao":"LFBO","terminal":null,"gate":"HD","delay":null,"scheduled":"2021-11-29T16:35:00+00:00","estimated":"2021-11-29T16:35:00+00:00","actual":null,"estimated_runway":null,"actual_runway":null},"arrival":{"airport":"Orly","timezone":"Europe\/Paris","iata":"ORY","icao":"LFPO","terminal":"2","gate":null,"baggage":null,"delay":null,"scheduled":"2021-11-29T18:00:00+00:00","estimated":"2021-11-29T18:00:00+00:00","actual":null,"estimated_runway":null,"actual_runway":null},"airline":{"name":"Air Europa","iata":"UX","icao":"AEA"},"flight":{"number":"2242","iata":"UX2242","icao":"AEA2242","codeshared":{"airline_name":"air france","airline_iata":"af","airline_icao":"afr","flight_number":"6135","flight_iata":"af6135","flight_icao":"afr6135"}},"aircraft":null,"live":null},{"flight_date":"2021-11-29","flight_status":"scheduled","departure":{"airport":"Le Palyvestre","timezone":"Europe\/Paris","iata":"TLN","icao":"LFTH","terminal":null,"gate":null,"delay":null,"scheduled":"2021-11-29T16:25:00+00:00","estimated":"2021-11-29T16:25:00+00:00","actual":null,"estimated_runway":null,"actual_runway":null},"arrival":{"airport":"Orly","timezone":"Europe\/Paris","iata":"ORY","icao":"LFPO","terminal":"1","gate":null,"baggage":null,"delay":null,"scheduled":"2021-11-29T18:00:00+00:00","estimated":"2021-11-29T18:00:00+00:00","actual":null,"estimated_runway":null,"actual_runway":null},"airline":{"name":"easyJet","iata":"U2","icao":"EZY"},"flight":{"number":"4052","iata":"U24052","icao":"EZY4052","codeshared":null},"aircraft":null,"live":null},{"flight_date":"2021-11-29","flight_status":"cancelled","departure":{"airport":"Menara","timezone":"Africa\/Casablanca","iata":"RAK","icao":"GMMX","terminal":"1","gate":null,"delay":null,"scheduled":"2021-11-29T16:15:00+00:00","estimated":"2021-11-29T16:15:00+00:00","actual":null,"estimated_runway":null,"actual_runway":null},"arrival":{"airport":"Orly","timezone":"Europe\/Paris","iata":"ORY","icao":"LFPO","terminal":"4","gate":null,"baggage":null,"delay":null,"scheduled":"2021-11-29T19:20:00+00:00","estimated":"2021-11-29T19:20:00+00:00","actual":null,"estimated_runway":null,"actual_runway":null},"airline":{"name":"Royal Air Maroc","iata":"AT","icao":"RAM"},"flight":{"number":"740","iata":"AT740","icao":"RAM740","codeshared":null},"aircraft":null,"live":null},{"flight_date":"2021-11-29","flight_status":"scheduled","departure":{"airport":"El Prat De Llobregat","timezone":"Europe\/Madrid","iata":"BCN","icao":"LEBL","terminal":"1","gate":"B34","delay":null,"scheduled":"2021-11-29T13:50:00+00:00","estimated":"2021-11-29T13:50:00+00:00","actual":null,"estimated_runway":null,"actual_runway":null},"arrival":{"airport":"Orly","timezone":"Europe\/Paris","iata":"ORY","icao":"LFPO","terminal":"2","gate":null,"baggage":null,"delay":null,"scheduled":"2021-11-29T15:40:00+00:00","estimated":"2021-11-29T15:40:00+00:00","actual":null,"estimated_runway":null,"actual_runway":null},"airline":{"name":"Vueling","iata":"VY","icao":"VLG"},"flight":{"number":"8018","iata":"VY8018","icao":"VLG8018","codeshared":null},"aircraft":null,"live":null},{"flight_date":"2021-11-29","flight_status":"scheduled","departure":{"airport":"Leonardo Da Vinci (Fiumicino)","timezone":"Europe\/Rome","iata":"FCO","icao":"LIRF","terminal":"1","gate":"A09","delay":null,"scheduled":"2021-11-29T13:50:00+00:00","estimated":"2021-11-29T13:50:00+00:00","actual":null,"estimated_runway":null,"actual_runway":null},"arrival":{"airport":"Orly","timezone":"Europe\/Paris","iata":"ORY","icao":"LFPO","terminal":"1","gate":null,"baggage":null,"delay":null,"scheduled":"2021-11-29T16:00:00+00:00","estimated":"2021-11-29T16:00:00+00:00","actual":null,"estimated_runway":null,"actual_runway":null},"airline":{"name":"Iberia","iata":"IB","icao":"IBE"},"flight":{"number":"5478","iata":"IB5478","icao":"IBE5478","codeshared":{"airline_name":"vueling","airline_iata":"vy","airline_icao":"vlg","flight_number":"6257","flight_iata":"vy6257","flight_icao":"vlg6257"}},"aircraft":null,"live":null},{"flight_date":"2021-11-29","flight_status":"scheduled","departure":{"airport":"Leonardo Da Vinci (Fiumicino)","timezone":"Europe\/Rome","iata":"FCO","icao":"LIRF","terminal":"1","gate":"A09","delay":null,"scheduled":"2021-11-29T13:50:00+00:00","estimated":"2021-11-29T13:50:00+00:00","actual":null,"estimated_runway":null,"actual_runway":null},"arrival":{"airport":"Orly","timezone":"Europe\/Paris","iata":"ORY","icao":"LFPO","terminal":"1","gate":null,"baggage":null,"delay":null,"scheduled":"2021-11-29T16:00:00+00:00","estimated":"2021-11-29T16:00:00+00:00","actual":null,"estimated_runway":null,"actual_runway":null},"airline":{"name":"Qatar Airways","iata":"QR","icao":"QTR"},"flight":{"number":"3566","iata":"QR3566","icao":"QTR3566","codeshared":{"airline_name":"vueling","airline_iata":"vy","airline_icao":"vlg","flight_number":"6257","flight_iata":"vy6257","flight_icao":"vlg6257"}},"aircraft":null,"live":null},{"flight_date":"2021-11-29","flight_status":"scheduled","departure":{"airport":"Leonardo Da Vinci (Fiumicino)","timezone":"Europe\/Rome","iata":"FCO","icao":"LIRF","terminal":"1","gate":"A09","delay":null,"scheduled":"2021-11-29T13:50:00+00:00","estimated":"2021-11-29T13:50:00+00:00","actual":null,"estimated_runway":null,"actual_runway":null},"arrival":{"airport":"Orly","timezone":"Europe\/Paris","iata":"ORY","icao":"LFPO","terminal":"1","gate":null,"baggage":null,"delay":null,"scheduled":"2021-11-29T16:00:00+00:00","estimated":"2021-11-29T16:00:00+00:00","actual":null,"estimated_runway":null,"actual_runway":null},"airline":{"name":"Vueling","iata":"VY","icao":"VLG"},"flight":{"number":"6257","iata":"VY6257","icao":"VLG6257","codeshared":null},"aircraft":null,"live":null},{"flight_date":"2021-11-29","flight_status":"scheduled","departure":{"airport":"Blagnac","timezone":"Europe\/Paris","iata":"TLS","icao":"LFBO","terminal":null,"gate":"HD","delay":null,"scheduled":"2021-11-29T14:00:00+00:00","estimated":"2021-11-29T14:00:00+00:00","actual":null,"estimated_runway":null,"actual_runway":null},"arrival":{"airport":"Orly","timezone":"Europe\/Paris","iata":"ORY","icao":"LFPO","terminal":"2","gate":"2","baggage":null,"delay":null,"scheduled":"2021-11-29T15:20:00+00:00","estimated":"2021-11-29T15:20:00+00:00","actual":null,"estimated_runway":null,"actual_runway":null},"airline":{"name":"Air France","iata":"AF","icao":"AFR"},"flight":{"number":"6129","iata":"AF6129","icao":"AFR6129","codeshared":null},"aircraft":null,"live":null},{"flight_date":"2021-11-29","flight_status":"scheduled","departure":{"airport":"Capodichino","timezone":"Europe\/Rome","iata":"NAP","icao":"LIRN","terminal":null,"gate":null,"delay":null,"scheduled":"2021-11-29T15:05:00+00:00","estimated":"2021-11-29T15:05:00+00:00","actual":null,"estimated_runway":null,"actual_runway":null},"arrival":{"airport":"Orly","timezone":"Europe\/Paris","iata":"ORY","icao":"LFPO","terminal":"1","gate":null,"baggage":null,"delay":null,"scheduled":"2021-11-29T17:25:00+00:00","estimated":"2021-11-29T17:25:00+00:00","actual":null,"estimated_runway":null,"actual_runway":null},"airline":{"name":"easyJet","iata":"U2","icao":"EZY"},"flight":{"number":"4256","iata":"U24256","icao":"EZY4256","codeshared":null},"aircraft":null,"live":null},{"flight_date":"2021-11-29","flight_status":"scheduled","departure":{"airport":"El Prat De Llobregat","timezone":"Europe\/Madrid","iata":"BCN","icao":"LEBL","terminal":"1","gate":null,"delay":null,"scheduled":"2021-11-29T16:05:00+00:00","estimated":"2021-11-29T16:05:00+00:00","actual":null,"estimated_runway":null,"actual_runway":null},"arrival":{"airport":"Orly","timezone":"Europe\/Paris","iata":"ORY","icao":"LFPO","terminal":"2","gate":null,"baggage":null,"delay":null,"scheduled":"2021-11-29T17:55:00+00:00","estimated":"2021-11-29T17:55:00+00:00","actual":null,"estimated_runway":null,"actual_runway":null},"airline":{"name":"Vueling","iata":"VY","icao":"VLG"},"flight":{"number":"8248","iata":"VY8248","icao":"VLG8248","codeshared":null},"aircraft":null,"live":null},{"flight_date":"2021-11-29","flight_status":"landed","departure":{"airport":"Bristol","timezone":"Europe\/London","iata":"BRS","icao":"EGGD","terminal":null,"gate":null,"delay":4,"scheduled":"2021-11-29T07:30:00+00:00","estimated":"2021-11-29T07:30:00+00:00","actual":"2021-11-29T07:33:00+00:00","estimated_runway":"2021-11-29T07:33:00+00:00","actual_runway":"2021-11-29T07:33:00+00:00"},"arrival":{"airport":"Orly","timezone":"Europe\/Paris","iata":"ORY","icao":"LFPO","terminal":"ORY3","gate":null,"baggage":"1","delay":null,"scheduled":"2021-11-29T09:50:00+00:00","estimated":"2021-11-29T09:50:00+00:00","actual":"2021-11-29T09:37:00+00:00","estimated_runway":"2021-11-29T09:37:00+00:00","actual_runway":"2021-11-29T09:37:00+00:00"},"airline":{"name":"easyJet","iata":"U2","icao":"EZY"},"flight":{"number":"6235","iata":"U26235","icao":"EZY6235","codeshared":null},"aircraft":null,"live":null},{"flight_date":"2021-11-29","flight_status":"scheduled","departure":{"airport":"Blagnac","timezone":"Europe\/Paris","iata":"TLS","icao":"LFBO","terminal":null,"gate":"HD","delay":null,"scheduled":"2021-11-29T15:00:00+00:00","estimated":"2021-11-29T15:00:00+00:00","actual":null,"estimated_runway":null,"actual_runway":null},"arrival":{"airport":"Orly","timezone":"Europe\/Paris","iata":"ORY","icao":"LFPO","terminal":"2","gate":null,"baggage":null,"delay":null,"scheduled":"2021-11-29T16:20:00+00:00","estimated":"2021-11-29T16:20:00+00:00","actual":null,"estimated_runway":null,"actual_runway":null},"airline":{"name":"Air France","iata":"AF","icao":"AFR"},"flight":{"number":"6131","iata":"AF6131","icao":"AFR6131","codeshared":null},"aircraft":null,"live":null},{"flight_date":"2021-11-29","flight_status":"active","departure":{"airport":"Cote D\u0027azur International Airport","timezone":"Europe\/Paris","iata":"NCE","icao":"LFMN","terminal":"2","gate":null,"delay":22,"scheduled":"2021-11-29T09:50:00+00:00","estimated":"2021-11-29T09:50:00+00:00","actual":"2021-11-29T10:12:00+00:00","estimated_runway":"2021-11-29T10:12:00+00:00","actual_runway":"2021-11-29T10:12:00+00:00"},"arrival":{"airport":"Orly","timezone":"Europe\/Paris","iata":"ORY","icao":"LFPO","terminal":"1","gate":null,"baggage":null,"delay":null,"scheduled":"2021-11-29T11:25:00+00:00","estimated":"2021-11-29T11:25:00+00:00","actual":null,"estimated_runway":null,"actual_runway":null},"airline":{"name":"easyJet","iata":"U2","icao":"EZY"},"flight":{"number":"4058","iata":"U24058","icao":"EZY4058","codeshared":null},"aircraft":null,"live":null},{"flight_date":"2021-11-29","flight_status":"active","departure":{"airport":"Cote D\u0027azur International Airport","timezone":"Europe\/Paris","iata":"NCE","icao":"LFMN","terminal":"2","gate":"2C","delay":5,"scheduled":"2021-11-29T09:30:00+00:00","estimated":"2021-11-29T09:30:00+00:00","actual":"2021-11-29T09:34:00+00:00","estimated_runway":"2021-11-29T09:34:00+00:00","actual_runway":"2021-11-29T09:34:00+00:00"},"arrival":{"airport":"Orly","timezone":"Europe\/Paris","iata":"ORY","icao":"LFPO","terminal":"2","gate":"2","baggage":"9","delay":null,"scheduled":"2021-11-29T11:05:00+00:00","estimated":"2021-11-29T11:05:00+00:00","actual":null,"estimated_runway":null,"actual_runway":null},"airline":{"name":"Air France","iata":"AF","icao":"AFR"},"flight":{"number":"6207","iata":"AF6207","icao":"AFR6207","codeshared":null},"aircraft":null,"live":null},{"flight_date":"2021-11-29","flight_status":"scheduled","departure":{"airport":"Menara","timezone":"Africa\/Casablanca","iata":"RAK","icao":"GMMX","terminal":"1","gate":null,"delay":null,"scheduled":"2021-11-29T15:25:00+00:00","estimated":"2021-11-29T15:25:00+00:00","actual":null,"estimated_runway":null,"actual_runway":null},"arrival":{"airport":"Orly","timezone":"Europe\/Paris","iata":"ORY","icao":"LFPO","terminal":"3","gate":null,"baggage":null,"delay":null,"scheduled":"2021-11-29T18:50:00+00:00","estimated":"2021-11-29T18:50:00+00:00","actual":null,"estimated_runway":null,"actual_runway":null},"airline":{"name":"Transavia France","iata":"TO","icao":"TVF"},"flight":{"number":"3015","iata":"TO3015","icao":"TVF3015","codeshared":null},"aircraft":null,"live":null},{"flight_date":"2021-11-29","flight_status":"scheduled","departure":{"airport":"Sabiha Gokcen","timezone":"Europe\/Istanbul","iata":"SAW","icao":"LTFJ","terminal":null,"gate":"D01","delay":null,"scheduled":"2021-11-29T13:10:00+00:00","estimated":"2021-11-29T13:10:00+00:00","actual":null,"estimated_runway":null,"actual_runway":null},"arrival":{"airport":"Orly","timezone":"Europe\/Paris","iata":"ORY","icao":"LFPO","terminal":"4","gate":null,"baggage":null,"delay":null,"scheduled":"2021-11-29T15:00:00+00:00","estimated":"2021-11-29T15:00:00+00:00","actual":null,"estimated_runway":null,"actual_runway":null},"airline":{"name":"Pegasus","iata":"PC","icao":"PGT"},"flight":{"number":"1135","iata":"PC1135","icao":"PGT1135","codeshared":null},"aircraft":null,"live":null},{"flight_date":"2021-11-29","flight_status":"scheduled","departure":{"airport":"Montpellier M\u00e9diterran\u00e9e","timezone":"Europe\/Paris","iata":"MPL","icao":"LFMT","terminal":null,"gate":null,"delay":null,"scheduled":"2021-11-29T13:30:00+00:00","estimated":"2021-11-29T13:30:00+00:00","actual":null,"estimated_runway":null,"actual_runway":null},"arrival":{"airport":"Orly","timezone":"Europe\/Paris","iata":"ORY","icao":"LFPO","terminal":"3","gate":null,"baggage":null,"delay":null,"scheduled":"2021-11-29T14:55:00+00:00","estimated":"2021-11-29T14:55:00+00:00","actual":null,"estimated_runway":null,"actual_runway":null},"airline":{"name":"Transavia France","iata":"TO","icao":"TVF"},"flight":{"number":"4355","iata":"TO4355","icao":"TVF4355","codeshared":null},"aircraft":null,"live":null},{"flight_date":"2021-11-29","flight_status":"cancelled","departure":{"airport":"Sais","timezone":"Africa\/Casablanca","iata":"FEZ","icao":"GMFF","terminal":null,"gate":null,"delay":null,"scheduled":"2021-11-29T12:10:00+00:00","estimated":"2021-11-29T12:10:00+00:00","actual":null,"estimated_runway":null,"actual_runway":null},"arrival":{"airport":"Orly","timezone":"Europe\/Paris","iata":"ORY","icao":"LFPO","terminal":"4","gate":null,"baggage":null,"delay":null,"scheduled":"2021-11-29T14:50:00+00:00","estimated":"2021-11-29T14:50:00+00:00","actual":null,"estimated_runway":null,"actual_runway":null},"airline":{"name":"Royal Air Maroc","iata":"AT","icao":"RAM"},"flight":{"number":"652","iata":"AT652","icao":"RAM652","codeshared":null},"aircraft":null,"live":null},{"flight_date":"2021-11-29","flight_status":"active","departure":{"airport":"Guglielmo Marconi","timezone":"Europe\/Rome","iata":"BLQ","icao":"LIPE","terminal":null,"gate":"6","delay":16,"scheduled":"2021-11-29T09:30:00+00:00","estimated":"2021-11-29T09:30:00+00:00","actual":"2021-11-29T09:45:00+00:00","estimated_runway":"2021-11-29T09:45:00+00:00","actual_runway":"2021-11-29T09:45:00+00:00"},"arrival":{"airport":"Orly","timezone":"Europe\/Paris","iata":"ORY","icao":"LFPO","terminal":"2","gate":null,"baggage":null,"delay":null,"scheduled":"2021-11-29T11:15:00+00:00","estimated":"2021-11-29T11:15:00+00:00","actual":null,"estimated_runway":null,"actual_runway":null},"airline":{"name":"Vueling","iata":"VY","icao":"VLG"},"flight":{"number":"8141","iata":"VY8141","icao":"VLG8141","codeshared":null},"aircraft":null,"live":null}]}